Data Source Name,Data Source Code,Series Name,Series Code,Country Name,Country Code,2009 [YR2009],2010 [YR2010],2011 [YR2011],2012 [YR2012]
Landmine and Cluster Munition Monitor,Monitor,Anti-vehicle mines destroyed,LCM.57,Afghanistan,AFG,..,..,1032,..
Landmine and Cluster Munition Monitor,Monitor,Anti-vehicle mines destroyed,LCM.57,Albania,ALB,..,..,..,..
Landmine and Cluster Munition Monitor,Monitor,Anti-vehicle mines destroyed,LCM.57,Algeria,DZA,..,..,..,..
Landmine and Cluster Munition Monitor,Monitor,Anti-vehicle mines destroyed,LCM.57,Andorra,AND,..,0,0,0
Landmine and Cluster Munition Monitor,Monitor,Anti-vehicle mines destroyed,LCM.57,Angola,AGO,..,..,1167,..
Landmine and Cluster Munition Monitor,Monitor,Anti-vehicle mines destroyed,LCM.57,Antigua and Barbuda,ATG,..,..,..,..
Landmine and Cluster Munition Monitor,Monitor,Anti-vehicle mines destroyed,LCM.57,Argentina,ARG,..,..,..,..
Landmine and Cluster Munition Monitor,Monitor,Anti-vehicle mines destroyed,LCM.57,Armenia,ARM,..,..,..,..
Landmine and Cluster Munition Monitor,Monitor,Anti-vehicle mines destroyed,LCM.57,Australia,AUS,..,..,..,..
Landmine and Cluster Munition Monitor,Monitor,Anti-vehicle mines destroyed,LCM.57,Austria,AUT,..,..,..,..
Landmine and Cluster Munition Monitor,Monitor,Anti-vehicle mines destroyed,LCM.57,Azerbaijan,AZE,..,..,56,..
Landmine and Cluster Munition Monitor,Monitor,Anti-vehicle mines destroyed,LCM.57,"Bahamas, The",BHS,..,..,..,..
Landmine and Cluster Munition Monitor,Monitor,Anti-vehicle mines destroyed,LCM.57,Bahrain,BHR,..,..,..,..
Landmine and Cluster Munition Monitor,Monitor,Anti-vehicle mines destroyed,LCM.57,Bangladesh,BGD,..,..,..,..
Landmine and Cluster Munition Monitor,Monitor,Anti-vehicle mines destroyed,LCM.57,Barbados,BRB,..,..,..,..
Landmine and Cluster Munition Monitor,Monitor,Anti-vehicle mines destroyed,LCM.57,Belarus,BLR,..,..,..,..
Landmine and Cluster Munition Monitor,Monitor,Anti-vehicle mines destroyed,LCM.57,Belgium,BEL,..,..,..,..
Landmine and Cluster Munition Monitor,Monitor,Anti-vehicle mines destroyed,LCM.57,Belize,BLZ,..,..,..,..
Landmine and Cluster Munition Monitor,Monitor,Anti-vehicle mines destroyed,LCM.57,Benin,BEN,..,..,..,..
Landmine and Cluster Munition Monitor,Monitor,Anti-vehicle mines destroyed,LCM.57,Bhutan,BTN,..,..,..,..
Landmine and Cluster Munition Monitor,Monitor,Anti-vehicle mines destroyed,LCM.57,Bolivia,BOL,..,..,..,..
Landmine and Cluster Munition Monitor,Monitor,Anti-vehicle mines destroyed,LCM.57,Bosnia and Herzegovina,BIH,..,114,389,..
Landmine and Cluster Munition Monitor,Monitor,Anti-vehicle mines destroyed,LCM.57,Botswana,BWA,..,..,..,..
Landmine and Cluster Munition Monitor,Monitor,Anti-vehicle mines destroyed,LCM.57,Brazil,BRA,..,..,..,..
Landmine and Cluster Munition Monitor,Monitor,Anti-vehicle mines destroyed,LCM.57,Brunei Darussalam,BRN,..,..,..,..
Landmine and Cluster Munition Monitor,Monitor,Anti-vehicle mines destroyed,LCM.57,Bulgaria,BGR,..,..,..,..
Landmine and Cluster Munition Monitor,Monitor,Anti-vehicle mines destroyed,LCM.57,Burkina Faso,BFA,..,..,..,..
Landmine and Cluster Munition Monitor,Monitor,Anti-vehicle mines destroyed,LCM.57,Burundi,BDI,..,..,..,..
Landmine and Cluster Munition Monitor,Monitor,Anti-vehicle mines destroyed,LCM.57,Cambodia,KHM,..,831,739,..
Landmine and Cluster Munition Monitor,Monitor,Anti-vehicle mines destroyed,LCM.57,Cameroon,CMR,..,..,..,..
Landmine and Cluster Munition Monitor,Monitor,Anti-vehicle mines destroyed,LCM.57,Canada,CAN,..,..,..,..
Landmine and Cluster Munition Monitor,Monitor,Anti-vehicle mines destroyed,LCM.57,Cape Verde,CPV,..,..,..,..
Landmine and Cluster Munition Monitor,Monitor,Anti-vehicle mines destroyed,LCM.57,Central African Republic,CAF,..,..,..,..
Landmine and Cluster Munition Monitor,Monitor,Anti-vehicle mines destroyed,LCM.57,Chad,TCD,..,..,1268,..
Landmine and Cluster Munition Monitor,Monitor,Anti-vehicle mines destroyed,LCM.57,Chile,CHL,..,..,..,..
Landmine and Cluster Munition Monitor,Monitor,Anti-vehicle mines destroyed,LCM.57,China,CHN,..,..,..,..
Landmine and Cluster Munition Monitor,Monitor,Anti-vehicle mines destroyed,LCM.57,Colombia,COL,..,..,..,..
Landmine and Cluster Munition Monitor,Monitor,Anti-vehicle mines destroyed,LCM.57,Comoros,COM,..,..,..,..
Landmine and Cluster Munition Monitor,Monitor,Anti-vehicle mines destroyed,LCM.57,"Congo, Dem. Rep.",COD,..,..,..,..
Landmine and Cluster Munition Monitor,Monitor,Anti-vehicle mines destroyed,LCM.57,"Congo, Rep.",COG,..,..,..,..
Landmine and Cluster Munition Monitor,Monitor,Anti-vehicle mines destroyed,LCM.57,Costa Rica,CRI,..,..,..,..
Landmine and Cluster Munition Monitor,Monitor,Anti-vehicle mines destroyed,LCM.57,Cote d'Ivoire,CIV,..,..,..,..
Landmine and Cluster Munition Monitor,Monitor,Anti-vehicle mines destroyed,LCM.57,Croatia,HRV,..,..,..,..
Landmine and Cluster Munition Monitor,Monitor,Anti-vehicle mines destroyed,LCM.57,Cuba,CUB,..,..,..,..
Landmine and Cluster Munition Monitor,Monitor,Anti-vehicle mines destroyed,LCM.57,Cyprus,CYP,..,..,..,..
Landmine and Cluster Munition Monitor,Monitor,Anti-vehicle mines destroyed,LCM.57,Czech Republic,CZE,..,..,..,..
Landmine and Cluster Munition Monitor,Monitor,Anti-vehicle mines destroyed,LCM.57,Denmark,DNK,..,..,..,..
Landmine and Cluster Munition Monitor,Monitor,Anti-vehicle mines destroyed,LCM.57,Djibouti,DJI,..,..,..,..
Landmine and Cluster Munition Monitor,Monitor,Anti-vehicle mines destroyed,LCM.57,Dominica,DMA,..,..,..,..
Landmine and Cluster Munition Monitor,Monitor,Anti-vehicle mines destroyed,LCM.57,Dominican Republic,DOM,..,..,..,..
Landmine and Cluster Munition Monitor,Monitor,Anti-vehicle mines destroyed,LCM.57,East Asia & Pacific (developing only),EAP,..,..,..,..
Landmine and Cluster Munition Monitor,Monitor,Anti-vehicle mines destroyed,LCM.57,Ecuador,ECU,..,2,0,..
Landmine and Cluster Munition Monitor,Monitor,Anti-vehicle mines destroyed,LCM.57,"Egypt, Arab Rep.",EGY,..,..,..,..
Landmine and Cluster Munition Monitor,Monitor,Anti-vehicle mines destroyed,LCM.57,El Salvador,SLV,..,..,..,..
Landmine and Cluster Munition Monitor,Monitor,Anti-vehicle mines destroyed,LCM.57,Equatorial Guinea,GNQ,..,..,..,..
Landmine and Cluster Munition Monitor,Monitor,Anti-vehicle mines destroyed,LCM.57,Eritrea,ERI,..,35,..,..
Landmine and Cluster Munition Monitor,Monitor,Anti-vehicle mines destroyed,LCM.57,Estonia,EST,..,..,..,..
Landmine and Cluster Munition Monitor,Monitor,Anti-vehicle mines destroyed,LCM.57,Ethiopia,ETH,..,153,57,..
Landmine and Cluster Munition Monitor,Monitor,Anti-vehicle mines destroyed,LCM.57,Euro area,EMU,..,..,..,..
Landmine and Cluster Munition Monitor,Monitor,Anti-vehicle mines destroyed,LCM.57,Europe & Central Asia (developing only),ECA,..,..,..,..
Landmine and Cluster Munition Monitor,Monitor,Anti-vehicle mines destroyed,LCM.57,Fiji,FJI,..,..,..,..
Landmine and Cluster Munition Monitor,Monitor,Anti-vehicle mines destroyed,LCM.57,Finland,FIN,..,..,..,..
Landmine and Cluster Munition Monitor,Monitor,Anti-vehicle mines destroyed,LCM.57,France,FRA,..,..,..,..
Landmine and Cluster Munition Monitor,Monitor,Anti-vehicle mines destroyed,LCM.57,Gabon,GAB,..,..,..,..
Landmine and Cluster Munition Monitor,Monitor,Anti-vehicle mines destroyed,LCM.57,"Gambia, The",GMB,..,..,..,..
Landmine and Cluster Munition Monitor,Monitor,Anti-vehicle mines destroyed,LCM.57,Georgia,GEO,..,..,..,..
Landmine and Cluster Munition Monitor,Monitor,Anti-vehicle mines destroyed,LCM.57,Germany,DEU,..,..,..,..
Landmine and Cluster Munition Monitor,Monitor,Anti-vehicle mines destroyed,LCM.57,Ghana,GHA,..,..,..,..
Landmine and Cluster Munition Monitor,Monitor,Anti-vehicle mines destroyed,LCM.57,Greece,GRC,..,..,..,..
Landmine and Cluster Munition Monitor,Monitor,Anti-vehicle mines destroyed,LCM.57,Grenada,GRD,..,..,..,..
Landmine and Cluster Munition Monitor,Monitor,Anti-vehicle mines destroyed,LCM.57,Guatemala,GTM,..,..,..,..
Landmine and Cluster Munition Monitor,Monitor,Anti-vehicle mines destroyed,LCM.57,Guinea,GIN,..,..,..,..
Landmine and Cluster Munition Monitor,Monitor,Anti-vehicle mines destroyed,LCM.57,Guinea-Bissau,GNB,..,..,..,..
Landmine and Cluster Munition Monitor,Monitor,Anti-vehicle mines destroyed,LCM.57,Guyana,GUY,..,..,..,..
Landmine and Cluster Munition Monitor,Monitor,Anti-vehicle mines destroyed,LCM.57,Haiti,HTI,..,..,..,..
Landmine and Cluster Munition Monitor,Monitor,Anti-vehicle mines destroyed,LCM.57,Heavily indebted poor countries (HIPC),HPC,..,..,..,..
Landmine and Cluster Munition Monitor,Monitor,Anti-vehicle mines destroyed,LCM.57,High income: nonOECD,NOC,..,..,..,..
Landmine and Cluster Munition Monitor,Monitor,Anti-vehicle mines destroyed,LCM.57,High income: OECD,OEC,..,..,..,..
Landmine and Cluster Munition Monitor,Monitor,Anti-vehicle mines destroyed,LCM.57,Honduras,HND,..,..,..,..
Landmine and Cluster Munition Monitor,Monitor,Anti-vehicle mines destroyed,LCM.57,Hungary,HUN,..,..,..,..
Landmine and Cluster Munition Monitor,Monitor,Anti-vehicle mines destroyed,LCM.57,Iceland,ISL,..,..,..,..
Landmine and Cluster Munition Monitor,Monitor,Anti-vehicle mines destroyed,LCM.57,India,IND,..,..,..,..
Landmine and Cluster Munition Monitor,Monitor,Anti-vehicle mines destroyed,LCM.57,Indonesia,IDN,..,..,..,..
Landmine and Cluster Munition Monitor,Monitor,Anti-vehicle mines destroyed,LCM.57,"Iran, Islamic Rep.",IRN,..,..,..,..
Landmine and Cluster Munition Monitor,Monitor,Anti-vehicle mines destroyed,LCM.57,Iraq,IRQ,..,..,..,..
Landmine and Cluster Munition Monitor,Monitor,Anti-vehicle mines destroyed,LCM.57,Ireland,IRL,..,..,..,..
Landmine and Cluster Munition Monitor,Monitor,Anti-vehicle mines destroyed,LCM.57,Israel,ISR,..,..,..,..
Landmine and Cluster Munition Monitor,Monitor,Anti-vehicle mines destroyed,LCM.57,Italy,ITA,..,..,..,..
Landmine and Cluster Munition Monitor,Monitor,Anti-vehicle mines destroyed,LCM.57,Jamaica,JAM,..,..,..,..
Landmine and Cluster Munition Monitor,Monitor,Anti-vehicle mines destroyed,LCM.57,Japan,JPN,..,..,..,..
Landmine and Cluster Munition Monitor,Monitor,Anti-vehicle mines destroyed,LCM.57,Jordan,JOR,..,11906,9104,..
Landmine and Cluster Munition Monitor,Monitor,Anti-vehicle mines destroyed,LCM.57,Kazakhstan,KAZ,..,..,..,..
Landmine and Cluster Munition Monitor,Monitor,Anti-vehicle mines destroyed,LCM.57,Kenya,KEN,..,..,..,..
Landmine and Cluster Munition Monitor,Monitor,Anti-vehicle mines destroyed,LCM.57,Kiribati,KIR,..,..,..,..
Landmine and Cluster Munition Monitor,Monitor,Anti-vehicle mines destroyed,LCM.57,"Korea, Dem. Rep.",PRK,..,..,..,..
Landmine and Cluster Munition Monitor,Monitor,Anti-vehicle mines destroyed,LCM.57,"Korea, Rep.",KOR,..,..,..,..
Landmine and Cluster Munition Monitor,Monitor,Anti-vehicle mines destroyed,LCM.57,Kosovo,XKX,..,16,6,..
Landmine and Cluster Munition Monitor,Monitor,Anti-vehicle mines destroyed,LCM.57,Kuwait,KWT,..,..,..,..
Landmine and Cluster Munition Monitor,Monitor,Anti-vehicle mines destroyed,LCM.57,Kyrgyz Republic,KGZ,..,..,..,..
Landmine and Cluster Munition Monitor,Monitor,Anti-vehicle mines destroyed,LCM.57,Lao PDR,LAO,..,..,..,..
Landmine and Cluster Munition Monitor,Monitor,Anti-vehicle mines destroyed,LCM.57,Latin America & Caribbean (developing only),LAC,..,..,..,..
Landmine and Cluster Munition Monitor,Monitor,Anti-vehicle mines destroyed,LCM.57,Latvia,LVA,..,..,..,..
Landmine and Cluster Munition Monitor,Monitor,Anti-vehicle mines destroyed,LCM.57,Least developed countries: UN classification,LDC,..,..,..,..
Landmine and Cluster Munition Monitor,Monitor,Anti-vehicle mines destroyed,LCM.57,Lebanon,LBN,..,1083,885,..
Landmine and Cluster Munition Monitor,Monitor,Anti-vehicle mines destroyed,LCM.57,Lesotho,LSO,..,..,..,..
Landmine and Cluster Munition Monitor,Monitor,Anti-vehicle mines destroyed,LCM.57,Liberia,LBR,..,..,..,..
Landmine and Cluster Munition Monitor,Monitor,Anti-vehicle mines destroyed,LCM.57,Libya,LBY,..,..,40,..
Landmine and Cluster Munition Monitor,Monitor,Anti-vehicle mines destroyed,LCM.57,Liechtenstein,LIE,..,..,..,..
Landmine and Cluster Munition Monitor,Monitor,Anti-vehicle mines destroyed,LCM.57,Lithuania,LTU,..,..,..,..
Landmine and Cluster Munition Monitor,Monitor,Anti-vehicle mines destroyed,LCM.57,Low income,LIC,..,..,..,..
Landmine and Cluster Munition Monitor,Monitor,Anti-vehicle mines destroyed,LCM.57,Lower middle income,LMC,..,..,..,..
Landmine and Cluster Munition Monitor,Monitor,Anti-vehicle mines destroyed,LCM.57,Luxembourg,LUX,..,..,..,..
Landmine and Cluster Munition Monitor,Monitor,Anti-vehicle mines destroyed,LCM.57,"Macedonia, FYR",MKD,..,..,..,..
Landmine and Cluster Munition Monitor,Monitor,Anti-vehicle mines destroyed,LCM.57,Madagascar,MDG,..,..,..,..
Landmine and Cluster Munition Monitor,Monitor,Anti-vehicle mines destroyed,LCM.57,Malawi,MWI,..,..,..,..
Landmine and Cluster Munition Monitor,Monitor,Anti-vehicle mines destroyed,LCM.57,Malaysia,MYS,..,..,..,..
Landmine and Cluster Munition Monitor,Monitor,Anti-vehicle mines destroyed,LCM.57,Maldives,MDV,..,..,..,..
Landmine and Cluster Munition Monitor,Monitor,Anti-vehicle mines destroyed,LCM.57,Mali,MLI,..,..,..,..
Landmine and Cluster Munition Monitor,Monitor,Anti-vehicle mines destroyed,LCM.57,Malta,MLT,..,..,..,..
Landmine and Cluster Munition Monitor,Monitor,Anti-vehicle mines destroyed,LCM.57,Marshall Islands,MHL,..,..,..,..
Landmine and Cluster Munition Monitor,Monitor,Anti-vehicle mines destroyed,LCM.57,Mauritania,MRT,..,..,..,..
Landmine and Cluster Munition Monitor,Monitor,Anti-vehicle mines destroyed,LCM.57,Mauritius,MUS,..,..,..,..
Landmine and Cluster Munition Monitor,Monitor,Anti-vehicle mines destroyed,LCM.57,Mexico,MEX,..,..,..,..
Landmine and Cluster Munition Monitor,Monitor,Anti-vehicle mines destroyed,LCM.57,"Micronesia, Fed. Sts.",FSM,..,..,..,..
Landmine and Cluster Munition Monitor,Monitor,Anti-vehicle mines destroyed,LCM.57,Middle East & North Africa (developing only),MNA,..,..,..,..
Landmine and Cluster Munition Monitor,Monitor,Anti-vehicle mines destroyed,LCM.57,Moldova,MDA,..,..,..,..
Landmine and Cluster Munition Monitor,Monitor,Anti-vehicle mines destroyed,LCM.57,Monaco,MCO,..,..,..,..
Landmine and Cluster Munition Monitor,Monitor,Anti-vehicle mines destroyed,LCM.57,Mongolia,MNG,..,..,..,..
Landmine and Cluster Munition Monitor,Monitor,Anti-vehicle mines destroyed,LCM.57,Montenegro,MNE,..,..,..,..
Landmine and Cluster Munition Monitor,Monitor,Anti-vehicle mines destroyed,LCM.57,Morocco,MAR,..,..,6799,..
Landmine and Cluster Munition Monitor,Monitor,Anti-vehicle mines destroyed,LCM.57,Mozambique,MOZ,..,..,..,..
Landmine and Cluster Munition Monitor,Monitor,Anti-vehicle mines destroyed,LCM.57,Myanmar,MMR,..,..,..,..
Landmine and Cluster Munition Monitor,Monitor,Anti-vehicle mines destroyed,LCM.57,Namibia,NAM,..,..,..,..
Landmine and Cluster Munition Monitor,Monitor,Anti-vehicle mines destroyed,LCM.57,Nepal,NPL,..,..,..,..
Landmine and Cluster Munition Monitor,Monitor,Anti-vehicle mines destroyed,LCM.57,Netherlands,NLD,..,..,..,..
Landmine and Cluster Munition Monitor,Monitor,Anti-vehicle mines destroyed,LCM.57,New Zealand,NZL,..,..,..,..
Landmine and Cluster Munition Monitor,Monitor,Anti-vehicle mines destroyed,LCM.57,Nicaragua,NIC,..,..,..,..
Landmine and Cluster Munition Monitor,Monitor,Anti-vehicle mines destroyed,LCM.57,Niger,NER,..,..,..,..
Landmine and Cluster Munition Monitor,Monitor,Anti-vehicle mines destroyed,LCM.57,Nigeria,NGA,..,..,..,..
Landmine and Cluster Munition Monitor,Monitor,Anti-vehicle mines destroyed,LCM.57,North America,NAC,..,..,..,..
Landmine and Cluster Munition Monitor,Monitor,Anti-vehicle mines destroyed,LCM.57,Norway,NOR,..,..,..,..
Landmine and Cluster Munition Monitor,Monitor,Anti-vehicle mines destroyed,LCM.57,Oman,OMN,..,..,..,..
Landmine and Cluster Munition Monitor,Monitor,Anti-vehicle mines destroyed,LCM.57,Pakistan,PAK,..,..,..,..
Landmine and Cluster Munition Monitor,Monitor,Anti-vehicle mines destroyed,LCM.57,Palau,PLW,..,..,..,..
Landmine and Cluster Munition Monitor,Monitor,Anti-vehicle mines destroyed,LCM.57,Panama,PAN,..,..,..,..
Landmine and Cluster Munition Monitor,Monitor,Anti-vehicle mines destroyed,LCM.57,Papua New Guinea,PNG,..,..,..,..
Landmine and Cluster Munition Monitor,Monitor,Anti-vehicle mines destroyed,LCM.57,Paraguay,PRY,..,..,..,..
Landmine and Cluster Munition Monitor,Monitor,Anti-vehicle mines destroyed,LCM.57,Peru,PER,..,..,..,..
Landmine and Cluster Munition Monitor,Monitor,Anti-vehicle mines destroyed,LCM.57,Philippines,PHL,..,..,..,..
Landmine and Cluster Munition Monitor,Monitor,Anti-vehicle mines destroyed,LCM.57,Poland,POL,..,..,..,..
Landmine and Cluster Munition Monitor,Monitor,Anti-vehicle mines destroyed,LCM.57,Portugal,PRT,..,..,..,..
Landmine and Cluster Munition Monitor,Monitor,Anti-vehicle mines destroyed,LCM.57,Qatar,QAT,..,..,..,..
Landmine and Cluster Munition Monitor,Monitor,Anti-vehicle mines destroyed,LCM.57,Romania,ROU,..,..,..,..
Landmine and Cluster Munition Monitor,Monitor,Anti-vehicle mines destroyed,LCM.57,Russian Federation,RUS,..,..,..,..
Landmine and Cluster Munition Monitor,Monitor,Anti-vehicle mines destroyed,LCM.57,Rwanda,RWA,..,..,..,..
Landmine and Cluster Munition Monitor,Monitor,Anti-vehicle mines destroyed,LCM.57,Samoa,WSM,..,..,..,..
Landmine and Cluster Munition Monitor,Monitor,Anti-vehicle mines destroyed,LCM.57,San Marino,SMR,..,..,..,..
Landmine and Cluster Munition Monitor,Monitor,Anti-vehicle mines destroyed,LCM.57,Sao Tome and Principe,STP,..,..,..,..
Landmine and Cluster Munition Monitor,Monitor,Anti-vehicle mines destroyed,LCM.57,Saudi Arabia,SAU,..,..,..,..
Landmine and Cluster Munition Monitor,Monitor,Anti-vehicle mines destroyed,LCM.57,Senegal,SEN,..,7,3,..
Landmine and Cluster Munition Monitor,Monitor,Anti-vehicle mines destroyed,LCM.57,Serbia,SRB,..,..,..,..
Landmine and Cluster Munition Monitor,Monitor,Anti-vehicle mines destroyed,LCM.57,Seychelles,SYC,..,..,..,..
Landmine and Cluster Munition Monitor,Monitor,Anti-vehicle mines destroyed,LCM.57,Sierra Leone,SLE,..,..,..,..
Landmine and Cluster Munition Monitor,Monitor,Anti-vehicle mines destroyed,LCM.57,Singapore,SGP,..,..,..,..
Landmine and Cluster Munition Monitor,Monitor,Anti-vehicle mines destroyed,LCM.57,Slovak Republic,SVK,..,..,..,..
Landmine and Cluster Munition Monitor,Monitor,Anti-vehicle mines destroyed,LCM.57,Slovenia,SVN,..,..,..,..
Landmine and Cluster Munition Monitor,Monitor,Anti-vehicle mines destroyed,LCM.57,Solomon Islands,SLB,..,..,..,..
Landmine and Cluster Munition Monitor,Monitor,Anti-vehicle mines destroyed,LCM.57,Somalia,SOM,..,..,..,..
Landmine and Cluster Munition Monitor,Monitor,Anti-vehicle mines destroyed,LCM.57,"Somaliland, Somalia",SO1,..,..,65,..
Landmine and Cluster Munition Monitor,Monitor,Anti-vehicle mines destroyed,LCM.57,South Africa,ZAF,..,..,..,..
Landmine and Cluster Munition Monitor,Monitor,Anti-vehicle mines destroyed,LCM.57,South Asia,SAS,..,..,..,..
Landmine and Cluster Munition Monitor,Monitor,Anti-vehicle mines destroyed,LCM.57,South Sudan,SSD,..,..,..,..
Landmine and Cluster Munition Monitor,Monitor,Anti-vehicle mines destroyed,LCM.57,Spain,ESP,..,..,..,..
Landmine and Cluster Munition Monitor,Monitor,Anti-vehicle mines destroyed,LCM.57,Sri Lanka,LKA,..,..,542,..
Landmine and Cluster Munition Monitor,Monitor,Anti-vehicle mines destroyed,LCM.57,St. Kitts and Nevis,KNA,..,..,..,..
Landmine and Cluster Munition Monitor,Monitor,Anti-vehicle mines destroyed,LCM.57,St. Lucia,LCA,..,..,..,..
Landmine and Cluster Munition Monitor,Monitor,Anti-vehicle mines destroyed,LCM.57,St. Vincent and the Grenadines,VCT,..,..,..,..
Landmine and Cluster Munition Monitor,Monitor,Anti-vehicle mines destroyed,LCM.57,Sub-Saharan Africa (developing only),SSA,..,..,..,..
Landmine and Cluster Munition Monitor,Monitor,Anti-vehicle mines destroyed,LCM.57,Sudan,SDN,..,1387,870,..
Landmine and Cluster Munition Monitor,Monitor,Anti-vehicle mines destroyed,LCM.57,Suriname,SUR,..,..,..,..
Landmine and Cluster Munition Monitor,Monitor,Anti-vehicle mines destroyed,LCM.57,Swaziland,SWZ,..,..,..,..
Landmine and Cluster Munition Monitor,Monitor,Anti-vehicle mines destroyed,LCM.57,Sweden,SWE,..,..,..,..
Landmine and Cluster Munition Monitor,Monitor,Anti-vehicle mines destroyed,LCM.57,Switzerland,CHE,..,..,..,..
Landmine and Cluster Munition Monitor,Monitor,Anti-vehicle mines destroyed,LCM.57,Syrian Arab Republic,SYR,..,..,..,..
Landmine and Cluster Munition Monitor,Monitor,Anti-vehicle mines destroyed,LCM.57,"Taiwan, China",TWN,..,..,..,..
Landmine and Cluster Munition Monitor,Monitor,Anti-vehicle mines destroyed,LCM.57,Tajikistan,TJK,..,..,..,..
Landmine and Cluster Munition Monitor,Monitor,Anti-vehicle mines destroyed,LCM.57,Tanzania,TZA,..,..,..,..
Landmine and Cluster Munition Monitor,Monitor,Anti-vehicle mines destroyed,LCM.57,Thailand,THA,..,..,..,..
Landmine and Cluster Munition Monitor,Monitor,Anti-vehicle mines destroyed,LCM.57,Timor-Leste,TLS,..,..,..,..
Landmine and Cluster Munition Monitor,Monitor,Anti-vehicle mines destroyed,LCM.57,Togo,TGO,..,..,..,..
Landmine and Cluster Munition Monitor,Monitor,Anti-vehicle mines destroyed,LCM.57,Tonga,TON,..,..,..,..
Landmine and Cluster Munition Monitor,Monitor,Anti-vehicle mines destroyed,LCM.57,Trinidad and Tobago,TTO,..,..,..,..
Landmine and Cluster Munition Monitor,Monitor,Anti-vehicle mines destroyed,LCM.57,Tunisia,TUN,..,..,..,..
Landmine and Cluster Munition Monitor,Monitor,Anti-vehicle mines destroyed,LCM.57,Turkey,TUR,..,..,..,..
Landmine and Cluster Munition Monitor,Monitor,Anti-vehicle mines destroyed,LCM.57,Turkmenistan,TKM,..,..,..,..
Landmine and Cluster Munition Monitor,Monitor,Anti-vehicle mines destroyed,LCM.57,Uganda,UGA,..,..,..,..
Landmine and Cluster Munition Monitor,Monitor,Anti-vehicle mines destroyed,LCM.57,Ukraine,UKR,..,..,..,..
Landmine and Cluster Munition Monitor,Monitor,Anti-vehicle mines destroyed,LCM.57,United Arab Emirates,ARE,..,..,..,..
Landmine and Cluster Munition Monitor,Monitor,Anti-vehicle mines destroyed,LCM.57,United Kingdom,GBR,..,..,..,..
Landmine and Cluster Munition Monitor,Monitor,Anti-vehicle mines destroyed,LCM.57,United States,USA,..,..,..,..
Landmine and Cluster Munition Monitor,Monitor,Anti-vehicle mines destroyed,LCM.57,Upper middle income,UMC,..,..,..,..
Landmine and Cluster Munition Monitor,Monitor,Anti-vehicle mines destroyed,LCM.57,Uruguay,URY,..,..,..,..
Landmine and Cluster Munition Monitor,Monitor,Anti-vehicle mines destroyed,LCM.57,Uzbekistan,UZB,..,..,..,..
Landmine and Cluster Munition Monitor,Monitor,Anti-vehicle mines destroyed,LCM.57,Vanuatu,VUT,..,..,..,..
Landmine and Cluster Munition Monitor,Monitor,Anti-vehicle mines destroyed,LCM.57,"Venezuela, RB",VEN,..,..,..,..
Landmine and Cluster Munition Monitor,Monitor,Anti-vehicle mines destroyed,LCM.57,Vietnam,VNM,..,..,..,..
Landmine and Cluster Munition Monitor,Monitor,Anti-vehicle mines destroyed,LCM.57,West Bank and Gaza,PSE,..,..,..,..
Landmine and Cluster Munition Monitor,Monitor,Anti-vehicle mines destroyed,LCM.57,"Western Sahara, Morocco",MA1,..,..,..,..
Landmine and Cluster Munition Monitor,Monitor,Anti-vehicle mines destroyed,LCM.57,World,WLD,..,..,..,..
Landmine and Cluster Munition Monitor,Monitor,Anti-vehicle mines destroyed,LCM.57,"Yemen, Rep.",YEM,..,..,..,..
Landmine and Cluster Munition Monitor,Monitor,Anti-vehicle mines destroyed,LCM.57,Zambia,ZMB,..,..,..,..
Landmine and Cluster Munition Monitor,Monitor,Anti-vehicle mines destroyed,LCM.57,Zimbabwe,ZWE,..,..,..,..
Landmine and Cluster Munition Monitor,Monitor,"Casualties, Total",LCM.95,Afghanistan,AFG,..,..,812,..
Landmine and Cluster Munition Monitor,Monitor,"Casualties, Total",LCM.95,Albania,ALB,..,1,6,..
Landmine and Cluster Munition Monitor,Monitor,"Casualties, Total",LCM.95,Algeria,DZA,..,33,35,..
Landmine and Cluster Munition Monitor,Monitor,"Casualties, Total",LCM.95,Andorra,AND,..,..,..,..
Landmine and Cluster Munition Monitor,Monitor,"Casualties, Total",LCM.95,Angola,AGO,..,42,89,..
Landmine and Cluster Munition Monitor,Monitor,"Casualties, Total",LCM.95,Antigua and Barbuda,ATG,..,..,..,..
Landmine and Cluster Munition Monitor,Monitor,"Casualties, Total",LCM.95,Argentina,ARG,..,..,..,..
Landmine and Cluster Munition Monitor,Monitor,"Casualties, Total",LCM.95,Armenia,ARM,..,13,6,..
Landmine and Cluster Munition Monitor,Monitor,"Casualties, Total",LCM.95,Australia,AUS,..,..,..,..
Landmine and Cluster Munition Monitor,Monitor,"Casualties, Total",LCM.95,Austria,AUT,..,..,..,..
Landmine and Cluster Munition Monitor,Monitor,"Casualties, Total",LCM.95,Azerbaijan,AZE,..,5,10,..
Landmine and Cluster Munition Monitor,Monitor,"Casualties, Total",LCM.95,"Bahamas, The",BHS,..,..,..,..
Landmine and Cluster Munition Monitor,Monitor,"Casualties, Total",LCM.95,Bahrain,BHR,..,..,..,..
Landmine and Cluster Munition Monitor,Monitor,"Casualties, Total",LCM.95,Bangladesh,BGD,..,..,0,..
Landmine and Cluster Munition Monitor,Monitor,"Casualties, Total",LCM.95,Barbados,BRB,..,..,..,..
Landmine and Cluster Munition Monitor,Monitor,"Casualties, Total",LCM.95,Belarus,BLR,..,..,4,..
Landmine and Cluster Munition Monitor,Monitor,"Casualties, Total",LCM.95,Belgium,BEL,..,..,..,..
Landmine and Cluster Munition Monitor,Monitor,"Casualties, Total",LCM.95,Belize,BLZ,..,..,..,..
Landmine and Cluster Munition Monitor,Monitor,"Casualties, Total",LCM.95,Benin,BEN,..,..,..,..
Landmine and Cluster Munition Monitor,Monitor,"Casualties, Total",LCM.95,Bhutan,BTN,..,..,..,..
Landmine and Cluster Munition Monitor,Monitor,"Casualties, Total",LCM.95,Bolivia,BOL,..,..,..,..
Landmine and Cluster Munition Monitor,Monitor,"Casualties, Total",LCM.95,Bosnia and Herzegovina,BIH,..,14,22,..
Landmine and Cluster Munition Monitor,Monitor,"Casualties, Total",LCM.95,Botswana,BWA,..,..,..,..
Landmine and Cluster Munition Monitor,Monitor,"Casualties, Total",LCM.95,Brazil,BRA,..,..,..,..
Landmine and Cluster Munition Monitor,Monitor,"Casualties, Total",LCM.95,Brunei Darussalam,BRN,..,..,..,..
Landmine and Cluster Munition Monitor,Monitor,"Casualties, Total",LCM.95,Bulgaria,BGR,..,..,..,..
Landmine and Cluster Munition Monitor,Monitor,"Casualties, Total",LCM.95,Burkina Faso,BFA,..,..,..,..
Landmine and Cluster Munition Monitor,Monitor,"Casualties, Total",LCM.95,Burundi,BDI,..,..,..,..
Landmine and Cluster Munition Monitor,Monitor,"Casualties, Total",LCM.95,Cambodia,KHM,..,286,211,..
Landmine and Cluster Munition Monitor,Monitor,"Casualties, Total",LCM.95,Cameroon,CMR,..,..,..,..
Landmine and Cluster Munition Monitor,Monitor,"Casualties, Total",LCM.95,Canada,CAN,..,..,..,..
Landmine and Cluster Munition Monitor,Monitor,"Casualties, Total",LCM.95,Cape Verde,CPV,..,..,..,..
Landmine and Cluster Munition Monitor,Monitor,"Casualties, Total",LCM.95,Central African Republic,CAF,..,..,..,..
Landmine and Cluster Munition Monitor,Monitor,"Casualties, Total",LCM.95,Chad,TCD,..,28,34,..
Landmine and Cluster Munition Monitor,Monitor,"Casualties, Total",LCM.95,Chile,CHL,..,..,..,2
Landmine and Cluster Munition Monitor,Monitor,"Casualties, Total",LCM.95,China,CHN,..,3,7,..
Landmine and Cluster Munition Monitor,Monitor,"Casualties, Total",LCM.95,Colombia,COL,..,540,538,..
Landmine and Cluster Munition Monitor,Monitor,"Casualties, Total",LCM.95,Comoros,COM,..,..,..,..
Landmine and Cluster Munition Monitor,Monitor,"Casualties, Total",LCM.95,"Congo, Dem. Rep.",COD,..,..,..,..
Landmine and Cluster Munition Monitor,Monitor,"Casualties, Total",LCM.95,"Congo, Rep.",COG,..,..,..,..
Landmine and Cluster Munition Monitor,Monitor,"Casualties, Total",LCM.95,Costa Rica,CRI,..,..,..,..
Landmine and Cluster Munition Monitor,Monitor,"Casualties, Total",LCM.95,Cote d'Ivoire,CIV,..,..,..,..
Landmine and Cluster Munition Monitor,Monitor,"Casualties, Total",LCM.95,Croatia,HRV,..,..,..,..
Landmine and Cluster Munition Monitor,Monitor,"Casualties, Total",LCM.95,Cuba,CUB,..,..,2,..
Landmine and Cluster Munition Monitor,Monitor,"Casualties, Total",LCM.95,Cyprus,CYP,..,..,..,..
Landmine and Cluster Munition Monitor,Monitor,"Casualties, Total",LCM.95,Czech Republic,CZE,..,..,..,..
Landmine and Cluster Munition Monitor,Monitor,"Casualties, Total",LCM.95,Denmark,DNK,..,..,..,..
Landmine and Cluster Munition Monitor,Monitor,"Casualties, Total",LCM.95,Djibouti,DJI,..,..,..,1
Landmine and Cluster Munition Monitor,Monitor,"Casualties, Total",LCM.95,Dominica,DMA,..,..,..,..
Landmine and Cluster Munition Monitor,Monitor,"Casualties, Total",LCM.95,Dominican Republic,DOM,..,..,..,..
Landmine and Cluster Munition Monitor,Monitor,"Casualties, Total",LCM.95,East Asia & Pacific (developing only),EAP,..,..,..,..
Landmine and Cluster Munition Monitor,Monitor,"Casualties, Total",LCM.95,Ecuador,ECU,..,..,..,..
Landmine and Cluster Munition Monitor,Monitor,"Casualties, Total",LCM.95,"Egypt, Arab Rep.",EGY,..,26,21,..
Landmine and Cluster Munition Monitor,Monitor,"Casualties, Total",LCM.95,El Salvador,SLV,..,0,2,..
Landmine and Cluster Munition Monitor,Monitor,"Casualties, Total",LCM.95,Equatorial Guinea,GNQ,..,..,..,..
Landmine and Cluster Munition Monitor,Monitor,"Casualties, Total",LCM.95,Eritrea,ERI,..,42,21,..
Landmine and Cluster Munition Monitor,Monitor,"Casualties, Total",LCM.95,Estonia,EST,..,..,..,..
Landmine and Cluster Munition Monitor,Monitor,"Casualties, Total",LCM.95,Ethiopia,ETH,..,2,0,..
Landmine and Cluster Munition Monitor,Monitor,"Casualties, Total",LCM.95,Euro area,EMU,..,..,..,..
Landmine and Cluster Munition Monitor,Monitor,"Casualties, Total",LCM.95,Europe & Central Asia (developing only),ECA,..,..,..,..
Landmine and Cluster Munition Monitor,Monitor,"Casualties, Total",LCM.95,Fiji,FJI,..,..,..,..
Landmine and Cluster Munition Monitor,Monitor,"Casualties, Total",LCM.95,Finland,FIN,..,..,..,..
Landmine and Cluster Munition Monitor,Monitor,"Casualties, Total",LCM.95,France,FRA,..,..,..,..
Landmine and Cluster Munition Monitor,Monitor,"Casualties, Total",LCM.95,Gabon,GAB,..,..,..,..
Landmine and Cluster Munition Monitor,Monitor,"Casualties, Total",LCM.95,"Gambia, The",GMB,..,..,..,..
Landmine and Cluster Munition Monitor,Monitor,"Casualties, Total",LCM.95,Georgia,GEO,..,..,..,..
Landmine and Cluster Munition Monitor,Monitor,"Casualties, Total",LCM.95,Germany,DEU,..,..,..,..
Landmine and Cluster Munition Monitor,Monitor,"Casualties, Total",LCM.95,Ghana,GHA,..,..,..,..
Landmine and Cluster Munition Monitor,Monitor,"Casualties, Total",LCM.95,Greece,GRC,..,..,..,..
Landmine and Cluster Munition Monitor,Monitor,"Casualties, Total",LCM.95,Grenada,GRD,..,..,..,..
Landmine and Cluster Munition Monitor,Monitor,"Casualties, Total",LCM.95,Guatemala,GTM,..,..,..,..
Landmine and Cluster Munition Monitor,Monitor,"Casualties, Total",LCM.95,Guinea,GIN,..,..,..,..
Landmine and Cluster Munition Monitor,Monitor,"Casualties, Total",LCM.95,Guinea-Bissau,GNB,..,..,2,..
Landmine and Cluster Munition Monitor,Monitor,"Casualties, Total",LCM.95,Guyana,GUY,..,..,..,..
Landmine and Cluster Munition Monitor,Monitor,"Casualties, Total",LCM.95,Haiti,HTI,..,..,..,..
Landmine and Cluster Munition Monitor,Monitor,"Casualties, Total",LCM.95,Heavily indebted poor countries (HIPC),HPC,..,..,..,..
Landmine and Cluster Munition Monitor,Monitor,"Casualties, Total",LCM.95,High income: nonOECD,NOC,..,..,..,..
Landmine and Cluster Munition Monitor,Monitor,"Casualties, Total",LCM.95,High income: OECD,OEC,..,..,..,..
Landmine and Cluster Munition Monitor,Monitor,"Casualties, Total",LCM.95,Honduras,HND,..,..,..,..
Landmine and Cluster Munition Monitor,Monitor,"Casualties, Total",LCM.95,Hungary,HUN,..,..,..,..
Landmine and Cluster Munition Monitor,Monitor,"Casualties, Total",LCM.95,Iceland,ISL,..,..,..,..
Landmine and Cluster Munition Monitor,Monitor,"Casualties, Total",LCM.95,India,IND,..,..,..,..
Landmine and Cluster Munition Monitor,Monitor,"Casualties, Total",LCM.95,Indonesia,IDN,..,..,..,..
Landmine and Cluster Munition Monitor,Monitor,"Casualties, Total",LCM.95,"Iran, Islamic Rep.",IRN,..,..,..,..
Landmine and Cluster Munition Monitor,Monitor,"Casualties, Total",LCM.95,Iraq,IRQ,..,..,..,..
Landmine and Cluster Munition Monitor,Monitor,"Casualties, Total",LCM.95,Ireland,IRL,..,..,..,..
Landmine and Cluster Munition Monitor,Monitor,"Casualties, Total",LCM.95,Israel,ISR,..,..,..,..
Landmine and Cluster Munition Monitor,Monitor,"Casualties, Total",LCM.95,Italy,ITA,..,..,..,..
Landmine and Cluster Munition Monitor,Monitor,"Casualties, Total",LCM.95,Jamaica,JAM,..,..,..,..
Landmine and Cluster Munition Monitor,Monitor,"Casualties, Total",LCM.95,Japan,JPN,..,..,..,..
Landmine and Cluster Munition Monitor,Monitor,"Casualties, Total",LCM.95,Jordan,JOR,..,3,0,..
Landmine and Cluster Munition Monitor,Monitor,"Casualties, Total",LCM.95,Kazakhstan,KAZ,..,..,..,..
Landmine and Cluster Munition Monitor,Monitor,"Casualties, Total",LCM.95,Kenya,KEN,..,7,29,..
Landmine and Cluster Munition Monitor,Monitor,"Casualties, Total",LCM.95,Kiribati,KIR,..,..,..,..
Landmine and Cluster Munition Monitor,Monitor,"Casualties, Total",LCM.95,"Korea, Dem. Rep.",PRK,..,..,..,..
Landmine and Cluster Munition Monitor,Monitor,"Casualties, Total",LCM.95,"Korea, Rep.",KOR,..,3,2,..
Landmine and Cluster Munition Monitor,Monitor,"Casualties, Total",LCM.95,Kosovo,XKX,..,2,2,..
Landmine and Cluster Munition Monitor,Monitor,"Casualties, Total",LCM.95,Kuwait,KWT,..,1,3,..
Landmine and Cluster Munition Monitor,Monitor,"Casualties, Total",LCM.95,Kyrgyz Republic,KGZ,..,..,..,..
Landmine and Cluster Munition Monitor,Monitor,"Casualties, Total",LCM.95,Lao PDR,LAO,..,117,99,..
Landmine and Cluster Munition Monitor,Monitor,"Casualties, Total",LCM.95,Latin America & Caribbean (developing only),LAC,..,..,..,..
Landmine and Cluster Munition Monitor,Monitor,"Casualties, Total",LCM.95,Latvia,LVA,..,..,..,..
Landmine and Cluster Munition Monitor,Monitor,"Casualties, Total",LCM.95,Least developed countries: UN classification,LDC,..,..,..,..
Landmine and Cluster Munition Monitor,Monitor,"Casualties, Total",LCM.95,Lebanon,LBN,..,25,6,..
Landmine and Cluster Munition Monitor,Monitor,"Casualties, Total",LCM.95,Lesotho,LSO,..,..,..,..
Landmine and Cluster Munition Monitor,Monitor,"Casualties, Total",LCM.95,Liberia,LBR,..,..,..,..
Landmine and Cluster Munition Monitor,Monitor,"Casualties, Total",LCM.95,Libya,LBY,..,..,184,..
Landmine and Cluster Munition Monitor,Monitor,"Casualties, Total",LCM.95,Liechtenstein,LIE,..,..,..,..
Landmine and Cluster Munition Monitor,Monitor,"Casualties, Total",LCM.95,Lithuania,LTU,..,..,..,..
Landmine and Cluster Munition Monitor,Monitor,"Casualties, Total",LCM.95,Low income,LIC,..,..,..,..
Landmine and Cluster Munition Monitor,Monitor,"Casualties, Total",LCM.95,Lower middle income,LMC,..,..,..,..
Landmine and Cluster Munition Monitor,Monitor,"Casualties, Total",LCM.95,Luxembourg,LUX,..,..,..,..
Landmine and Cluster Munition Monitor,Monitor,"Casualties, Total",LCM.95,"Macedonia, FYR",MKD,..,..,..,..
Landmine and Cluster Munition Monitor,Monitor,"Casualties, Total",LCM.95,Madagascar,MDG,..,..,..,..
Landmine and Cluster Munition Monitor,Monitor,"Casualties, Total",LCM.95,Malawi,MWI,..,3,..,..
Landmine and Cluster Munition Monitor,Monitor,"Casualties, Total",LCM.95,Malaysia,MYS,..,..,..,..
Landmine and Cluster Munition Monitor,Monitor,"Casualties, Total",LCM.95,Maldives,MDV,..,..,..,..
Landmine and Cluster Munition Monitor,Monitor,"Casualties, Total",LCM.95,Mali,MLI,..,..,5,42
Landmine and Cluster Munition Monitor,Monitor,"Casualties, Total",LCM.95,Malta,MLT,..,..,..,..
Landmine and Cluster Munition Monitor,Monitor,"Casualties, Total",LCM.95,Marshall Islands,MHL,..,..,..,..
Landmine and Cluster Munition Monitor,Monitor,"Casualties, Total",LCM.95,Mauritania,MRT,..,..,..,..
Landmine and Cluster Munition Monitor,Monitor,"Casualties, Total",LCM.95,Mauritius,MUS,..,..,..,..
Landmine and Cluster Munition Monitor,Monitor,"Casualties, Total",LCM.95,Mexico,MEX,..,..,..,..
Landmine and Cluster Munition Monitor,Monitor,"Casualties, Total",LCM.95,"Micronesia, Fed. Sts.",FSM,..,..,..,..
Landmine and Cluster Munition Monitor,Monitor,"Casualties, Total",LCM.95,Middle East & North Africa (developing only),MNA,..,..,..,..
Landmine and Cluster Munition Monitor,Monitor,"Casualties, Total",LCM.95,Moldova,MDA,..,..,..,..
Landmine and Cluster Munition Monitor,Monitor,"Casualties, Total",LCM.95,Monaco,MCO,..,..,..,..
Landmine and Cluster Munition Monitor,Monitor,"Casualties, Total",LCM.95,Mongolia,MNG,..,110,..,..
Landmine and Cluster Munition Monitor,Monitor,"Casualties, Total",LCM.95,Montenegro,MNE,..,..,..,..
Landmine and Cluster Munition Monitor,Monitor,"Casualties, Total",LCM.95,Morocco,MAR,..,..,3,..
Landmine and Cluster Munition Monitor,Monitor,"Casualties, Total",LCM.95,Mozambique,MOZ,..,..,..,..
Landmine and Cluster Munition Monitor,Monitor,"Casualties, Total",LCM.95,Myanmar,MMR,..,274,381,..
Landmine and Cluster Munition Monitor,Monitor,"Casualties, Total",LCM.95,Namibia,NAM,..,..,..,..
Landmine and Cluster Munition Monitor,Monitor,"Casualties, Total",LCM.95,Nepal,NPL,..,41,..,..
Landmine and Cluster Munition Monitor,Monitor,"Casualties, Total",LCM.95,Netherlands,NLD,..,..,..,..
Landmine and Cluster Munition Monitor,Monitor,"Casualties, Total",LCM.95,New Zealand,NZL,..,..,..,..
Landmine and Cluster Munition Monitor,Monitor,"Casualties, Total",LCM.95,Nicaragua,NIC,..,5,2,..
Landmine and Cluster Munition Monitor,Monitor,"Casualties, Total",LCM.95,Niger,NER,..,..,..,..
Landmine and Cluster Munition Monitor,Monitor,"Casualties, Total",LCM.95,Nigeria,NGA,..,..,..,..
Landmine and Cluster Munition Monitor,Monitor,"Casualties, Total",LCM.95,North America,NAC,..,..,..,..
Landmine and Cluster Munition Monitor,Monitor,"Casualties, Total",LCM.95,Norway,NOR,..,52190,..,..
Landmine and Cluster Munition Monitor,Monitor,"Casualties, Total",LCM.95,Oman,OMN,..,..,..,..
Landmine and Cluster Munition Monitor,Monitor,"Casualties, Total",LCM.95,Pakistan,PAK,..,394,569,..
Landmine and Cluster Munition Monitor,Monitor,"Casualties, Total",LCM.95,Palau,PLW,..,..,..,..
Landmine and Cluster Munition Monitor,Monitor,"Casualties, Total",LCM.95,Panama,PAN,..,2,0,..
Landmine and Cluster Munition Monitor,Monitor,"Casualties, Total",LCM.95,Papua New Guinea,PNG,..,..,..,..
Landmine and Cluster Munition Monitor,Monitor,"Casualties, Total",LCM.95,Paraguay,PRY,..,..,..,..
Landmine and Cluster Munition Monitor,Monitor,"Casualties, Total",LCM.95,Peru,PER,..,7,1,..
Landmine and Cluster Munition Monitor,Monitor,"Casualties, Total",LCM.95,Philippines,PHL,..,1,34,..
Landmine and Cluster Munition Monitor,Monitor,"Casualties, Total",LCM.95,Poland,POL,..,..,..,..
Landmine and Cluster Munition Monitor,Monitor,"Casualties, Total",LCM.95,Portugal,PRT,..,..,..,..
Landmine and Cluster Munition Monitor,Monitor,"Casualties, Total",LCM.95,Qatar,QAT,..,..,..,..
Landmine and Cluster Munition Monitor,Monitor,"Casualties, Total",LCM.95,Romania,ROU,..,..,..,..
Landmine and Cluster Munition Monitor,Monitor,"Casualties, Total",LCM.95,Russian Federation,RUS,..,..,..,..
Landmine and Cluster Munition Monitor,Monitor,"Casualties, Total",LCM.95,Rwanda,RWA,..,..,..,..
Landmine and Cluster Munition Monitor,Monitor,"Casualties, Total",LCM.95,Samoa,WSM,..,..,..,..
Landmine and Cluster Munition Monitor,Monitor,"Casualties, Total",LCM.95,San Marino,SMR,..,..,..,..
Landmine and Cluster Munition Monitor,Monitor,"Casualties, Total",LCM.95,Sao Tome and Principe,STP,..,..,..,..
Landmine and Cluster Munition Monitor,Monitor,"Casualties, Total",LCM.95,Saudi Arabia,SAU,..,..,..,..
Landmine and Cluster Munition Monitor,Monitor,"Casualties, Total",LCM.95,Senegal,SEN,..,4,32,..
Landmine and Cluster Munition Monitor,Monitor,"Casualties, Total",LCM.95,Serbia,SRB,..,..,0,11
Landmine and Cluster Munition Monitor,Monitor,"Casualties, Total",LCM.95,Seychelles,SYC,..,..,..,..
Landmine and Cluster Munition Monitor,Monitor,"Casualties, Total",LCM.95,Sierra Leone,SLE,..,..,..,..
Landmine and Cluster Munition Monitor,Monitor,"Casualties, Total",LCM.95,Singapore,SGP,..,..,..,..
Landmine and Cluster Munition Monitor,Monitor,"Casualties, Total",LCM.95,Slovak Republic,SVK,..,..,..,..
Landmine and Cluster Munition Monitor,Monitor,"Casualties, Total",LCM.95,Slovenia,SVN,..,..,..,..
Landmine and Cluster Munition Monitor,Monitor,"Casualties, Total",LCM.95,Solomon Islands,SLB,..,..,..,..
Landmine and Cluster Munition Monitor,Monitor,"Casualties, Total",LCM.95,Somalia,SOM,..,159,146,..
Landmine and Cluster Munition Monitor,Monitor,"Casualties, Total",LCM.95,"Somaliland, Somalia",SO1,..,36,23,..
Landmine and Cluster Munition Monitor,Monitor,"Casualties, Total",LCM.95,South Africa,ZAF,..,..,..,..
Landmine and Cluster Munition Monitor,Monitor,"Casualties, Total",LCM.95,South Asia,SAS,..,..,..,..
Landmine and Cluster Munition Monitor,Monitor,"Casualties, Total",LCM.95,South Sudan,SSD,..,82,206,..
Landmine and Cluster Munition Monitor,Monitor,"Casualties, Total",LCM.95,Spain,ESP,..,..,..,..
Landmine and Cluster Munition Monitor,Monitor,"Casualties, Total",LCM.95,Sri Lanka,LKA,..,..,..,..
Landmine and Cluster Munition Monitor,Monitor,"Casualties, Total",LCM.95,St. Kitts and Nevis,KNA,..,..,..,..
Landmine and Cluster Munition Monitor,Monitor,"Casualties, Total",LCM.95,St. Lucia,LCA,..,..,..,..
Landmine and Cluster Munition Monitor,Monitor,"Casualties, Total",LCM.95,St. Vincent and the Grenadines,VCT,..,..,..,..
Landmine and Cluster Munition Monitor,Monitor,"Casualties, Total",LCM.95,Sub-Saharan Africa (developing only),SSA,..,..,..,..
Landmine and Cluster Munition Monitor,Monitor,"Casualties, Total",LCM.95,Sudan,SDN,..,67,122,..
Landmine and Cluster Munition Monitor,Monitor,"Casualties, Total",LCM.95,Suriname,SUR,..,..,..,..
Landmine and Cluster Munition Monitor,Monitor,"Casualties, Total",LCM.95,Swaziland,SWZ,..,..,..,..
Landmine and Cluster Munition Monitor,Monitor,"Casualties, Total",LCM.95,Sweden,SWE,..,..,..,..
Landmine and Cluster Munition Monitor,Monitor,"Casualties, Total",LCM.95,Switzerland,CHE,..,..,..,..
Landmine and Cluster Munition Monitor,Monitor,"Casualties, Total",LCM.95,Syrian Arab Republic,SYR,..,0,20,19
Landmine and Cluster Munition Monitor,Monitor,"Casualties, Total",LCM.95,"Taiwan, China",TWN,..,..,..,..
Landmine and Cluster Munition Monitor,Monitor,"Casualties, Total",LCM.95,Tajikistan,TJK,..,10,6,..
Landmine and Cluster Munition Monitor,Monitor,"Casualties, Total",LCM.95,Tanzania,TZA,..,..,..,..
Landmine and Cluster Munition Monitor,Monitor,"Casualties, Total",LCM.95,Thailand,THA,..,35,49,..
Landmine and Cluster Munition Monitor,Monitor,"Casualties, Total",LCM.95,Timor-Leste,TLS,..,..,..,..
Landmine and Cluster Munition Monitor,Monitor,"Casualties, Total",LCM.95,Togo,TGO,..,..,..,..
Landmine and Cluster Munition Monitor,Monitor,"Casualties, Total",LCM.95,Tonga,TON,..,..,..,..
Landmine and Cluster Munition Monitor,Monitor,"Casualties, Total",LCM.95,Trinidad and Tobago,TTO,..,..,..,..
Landmine and Cluster Munition Monitor,Monitor,"Casualties, Total",LCM.95,Tunisia,TUN,..,..,..,..
Landmine and Cluster Munition Monitor,Monitor,"Casualties, Total",LCM.95,Turkey,TUR,..,94,59,..
Landmine and Cluster Munition Monitor,Monitor,"Casualties, Total",LCM.95,Turkmenistan,TKM,..,..,..,..
Landmine and Cluster Munition Monitor,Monitor,"Casualties, Total",LCM.95,Uganda,UGA,..,3,15,..
Landmine and Cluster Munition Monitor,Monitor,"Casualties, Total",LCM.95,Ukraine,UKR,..,33,24,..
Landmine and Cluster Munition Monitor,Monitor,"Casualties, Total",LCM.95,United Arab Emirates,ARE,..,..,..,..
Landmine and Cluster Munition Monitor,Monitor,"Casualties, Total",LCM.95,United Kingdom,GBR,..,..,..,..
Landmine and Cluster Munition Monitor,Monitor,"Casualties, Total",LCM.95,United States,USA,..,..,..,..
Landmine and Cluster Munition Monitor,Monitor,"Casualties, Total",LCM.95,Upper middle income,UMC,..,..,..,..
Landmine and Cluster Munition Monitor,Monitor,"Casualties, Total",LCM.95,Uruguay,URY,..,..,..,..
Landmine and Cluster Munition Monitor,Monitor,"Casualties, Total",LCM.95,Uzbekistan,UZB,..,..,..,..
Landmine and Cluster Munition Monitor,Monitor,"Casualties, Total",LCM.95,Vanuatu,VUT,..,..,..,..
Landmine and Cluster Munition Monitor,Monitor,"Casualties, Total",LCM.95,"Venezuela, RB",VEN,..,..,..,..
Landmine and Cluster Munition Monitor,Monitor,"Casualties, Total",LCM.95,Vietnam,VNM,..,..,..,..
Landmine and Cluster Munition Monitor,Monitor,"Casualties, Total",LCM.95,West Bank and Gaza,PSE,..,16,..,..
Landmine and Cluster Munition Monitor,Monitor,"Casualties, Total",LCM.95,"Western Sahara, Morocco",MA1,..,25,11,..
Landmine and Cluster Munition Monitor,Monitor,"Casualties, Total",LCM.95,World,WLD,..,..,..,..
Landmine and Cluster Munition Monitor,Monitor,"Casualties, Total",LCM.95,"Yemen, Rep.",YEM,..,..,..,..
Landmine and Cluster Munition Monitor,Monitor,"Casualties, Total",LCM.95,Zambia,ZMB,..,..,..,..
Landmine and Cluster Munition Monitor,Monitor,"Casualties, Total",LCM.95,Zimbabwe,ZWE,..,..,..,..
Landmine and Cluster Munition Monitor,Monitor,Mine area cleared (sq.km),LCM.43,Afghanistan,AFG,51.5,64.76,68.04,..
Landmine and Cluster Munition Monitor,Monitor,Mine area cleared (sq.km),LCM.43,Albania,ALB,0.1,..,..,..
Landmine and Cluster Munition Monitor,Monitor,Mine area cleared (sq.km),LCM.43,Algeria,DZA,..,..,39,..
Landmine and Cluster Munition Monitor,Monitor,Mine area cleared (sq.km),LCM.43,Andorra,AND,..,0,0,0
Landmine and Cluster Munition Monitor,Monitor,Mine area cleared (sq.km),LCM.43,Angola,AGO,4.6,4,4.4,..
Landmine and Cluster Munition Monitor,Monitor,Mine area cleared (sq.km),LCM.43,Antigua and Barbuda,ATG,..,..,..,..
Landmine and Cluster Munition Monitor,Monitor,Mine area cleared (sq.km),LCM.43,Argentina,ARG,..,..,..,..
Landmine and Cluster Munition Monitor,Monitor,Mine area cleared (sq.km),LCM.43,Armenia,ARM,0.28,..,..,..
Landmine and Cluster Munition Monitor,Monitor,Mine area cleared (sq.km),LCM.43,Australia,AUS,..,..,..,..
Landmine and Cluster Munition Monitor,Monitor,Mine area cleared (sq.km),LCM.43,Austria,AUT,..,..,..,..
Landmine and Cluster Munition Monitor,Monitor,Mine area cleared (sq.km),LCM.43,Azerbaijan,AZE,3.1,1.26,3.29,..
Landmine and Cluster Munition Monitor,Monitor,Mine area cleared (sq.km),LCM.43,"Bahamas, The",BHS,..,..,..,..
Landmine and Cluster Munition Monitor,Monitor,Mine area cleared (sq.km),LCM.43,Bahrain,BHR,..,..,..,..
Landmine and Cluster Munition Monitor,Monitor,Mine area cleared (sq.km),LCM.43,Bangladesh,BGD,..,..,..,..
Landmine and Cluster Munition Monitor,Monitor,Mine area cleared (sq.km),LCM.43,Barbados,BRB,..,..,..,..
Landmine and Cluster Munition Monitor,Monitor,Mine area cleared (sq.km),LCM.43,Belarus,BLR,..,..,..,..
Landmine and Cluster Munition Monitor,Monitor,Mine area cleared (sq.km),LCM.43,Belgium,BEL,..,..,..,..
Landmine and Cluster Munition Monitor,Monitor,Mine area cleared (sq.km),LCM.43,Belize,BLZ,..,..,..,..
Landmine and Cluster Munition Monitor,Monitor,Mine area cleared (sq.km),LCM.43,Benin,BEN,..,..,..,..
Landmine and Cluster Munition Monitor,Monitor,Mine area cleared (sq.km),LCM.43,Bhutan,BTN,..,..,..,..
Landmine and Cluster Munition Monitor,Monitor,Mine area cleared (sq.km),LCM.43,Bolivia,BOL,..,..,..,..
Landmine and Cluster Munition Monitor,Monitor,Mine area cleared (sq.km),LCM.43,Bosnia and Herzegovina,BIH,3.16,2.35,3.13,..
Landmine and Cluster Munition Monitor,Monitor,Mine area cleared (sq.km),LCM.43,Botswana,BWA,..,..,..,..
Landmine and Cluster Munition Monitor,Monitor,Mine area cleared (sq.km),LCM.43,Brazil,BRA,..,..,..,..
Landmine and Cluster Munition Monitor,Monitor,Mine area cleared (sq.km),LCM.43,Brunei Darussalam,BRN,..,..,..,..
Landmine and Cluster Munition Monitor,Monitor,Mine area cleared (sq.km),LCM.43,Bulgaria,BGR,..,..,..,..
Landmine and Cluster Munition Monitor,Monitor,Mine area cleared (sq.km),LCM.43,Burkina Faso,BFA,..,..,..,..
Landmine and Cluster Munition Monitor,Monitor,Mine area cleared (sq.km),LCM.43,Burundi,BDI,0.03,..,..,..
Landmine and Cluster Munition Monitor,Monitor,Mine area cleared (sq.km),LCM.43,Cambodia,KHM,37.86,29.69,37.85,..
Landmine and Cluster Munition Monitor,Monitor,Mine area cleared (sq.km),LCM.43,Cameroon,CMR,..,..,..,..
Landmine and Cluster Munition Monitor,Monitor,Mine area cleared (sq.km),LCM.43,Canada,CAN,..,..,..,..
Landmine and Cluster Munition Monitor,Monitor,Mine area cleared (sq.km),LCM.43,Cape Verde,CPV,..,..,..,..
Landmine and Cluster Munition Monitor,Monitor,Mine area cleared (sq.km),LCM.43,Central African Republic,CAF,..,..,..,..
Landmine and Cluster Munition Monitor,Monitor,Mine area cleared (sq.km),LCM.43,Chad,TCD,0.04,..,1,..
Landmine and Cluster Munition Monitor,Monitor,Mine area cleared (sq.km),LCM.43,Chile,CHL,0.04,..,..,..
Landmine and Cluster Munition Monitor,Monitor,Mine area cleared (sq.km),LCM.43,China,CHN,..,..,..,..
Landmine and Cluster Munition Monitor,Monitor,Mine area cleared (sq.km),LCM.43,Colombia,COL,0.16,..,329.95,..
Landmine and Cluster Munition Monitor,Monitor,Mine area cleared (sq.km),LCM.43,Comoros,COM,..,..,..,..
Landmine and Cluster Munition Monitor,Monitor,Mine area cleared (sq.km),LCM.43,"Congo, Dem. Rep.",COD,0.55,..,..,..
Landmine and Cluster Munition Monitor,Monitor,Mine area cleared (sq.km),LCM.43,"Congo, Rep.",COG,..,..,..,..
Landmine and Cluster Munition Monitor,Monitor,Mine area cleared (sq.km),LCM.43,Costa Rica,CRI,..,..,..,..
Landmine and Cluster Munition Monitor,Monitor,Mine area cleared (sq.km),LCM.43,Cote d'Ivoire,CIV,..,..,..,..
Landmine and Cluster Munition Monitor,Monitor,Mine area cleared (sq.km),LCM.43,Croatia,HRV,12.23,..,..,..
Landmine and Cluster Munition Monitor,Monitor,Mine area cleared (sq.km),LCM.43,Cuba,CUB,..,..,..,..
Landmine and Cluster Munition Monitor,Monitor,Mine area cleared (sq.km),LCM.43,Cyprus,CYP,..,..,..,..
Landmine and Cluster Munition Monitor,Monitor,Mine area cleared (sq.km),LCM.43,Czech Republic,CZE,..,..,..,..
Landmine and Cluster Munition Monitor,Monitor,Mine area cleared (sq.km),LCM.43,Denmark,DNK,0.47,..,..,..
Landmine and Cluster Munition Monitor,Monitor,Mine area cleared (sq.km),LCM.43,Djibouti,DJI,..,..,..,..
Landmine and Cluster Munition Monitor,Monitor,Mine area cleared (sq.km),LCM.43,Dominica,DMA,..,..,..,..
Landmine and Cluster Munition Monitor,Monitor,Mine area cleared (sq.km),LCM.43,Dominican Republic,DOM,..,..,..,..
Landmine and Cluster Munition Monitor,Monitor,Mine area cleared (sq.km),LCM.43,East Asia & Pacific (developing only),EAP,..,..,..,..
Landmine and Cluster Munition Monitor,Monitor,Mine area cleared (sq.km),LCM.43,Ecuador,ECU,0.01,..,..,..
Landmine and Cluster Munition Monitor,Monitor,Mine area cleared (sq.km),LCM.43,"Egypt, Arab Rep.",EGY,..,..,..,..
Landmine and Cluster Munition Monitor,Monitor,Mine area cleared (sq.km),LCM.43,El Salvador,SLV,..,..,..,..
Landmine and Cluster Munition Monitor,Monitor,Mine area cleared (sq.km),LCM.43,Equatorial Guinea,GNQ,..,..,..,..
Landmine and Cluster Munition Monitor,Monitor,Mine area cleared (sq.km),LCM.43,Eritrea,ERI,0.06,0.111,..,..
Landmine and Cluster Munition Monitor,Monitor,Mine area cleared (sq.km),LCM.43,Estonia,EST,..,..,..,..
Landmine and Cluster Munition Monitor,Monitor,Mine area cleared (sq.km),LCM.43,Ethiopia,ETH,4.88,3.87,0.84,..
Landmine and Cluster Munition Monitor,Monitor,Mine area cleared (sq.km),LCM.43,Euro area,EMU,..,..,..,..
Landmine and Cluster Munition Monitor,Monitor,Mine area cleared (sq.km),LCM.43,Europe & Central Asia (developing only),ECA,..,..,..,..
Landmine and Cluster Munition Monitor,Monitor,Mine area cleared (sq.km),LCM.43,Fiji,FJI,..,..,..,..
Landmine and Cluster Munition Monitor,Monitor,Mine area cleared (sq.km),LCM.43,Finland,FIN,..,..,..,..
Landmine and Cluster Munition Monitor,Monitor,Mine area cleared (sq.km),LCM.43,France,FRA,..,..,..,..
Landmine and Cluster Munition Monitor,Monitor,Mine area cleared (sq.km),LCM.43,Gabon,GAB,..,..,..,..
Landmine and Cluster Munition Monitor,Monitor,Mine area cleared (sq.km),LCM.43,"Gambia, The",GMB,..,..,..,..
Landmine and Cluster Munition Monitor,Monitor,Mine area cleared (sq.km),LCM.43,Georgia,GEO,..,..,..,..
Landmine and Cluster Munition Monitor,Monitor,Mine area cleared (sq.km),LCM.43,Germany,DEU,..,..,..,..
Landmine and Cluster Munition Monitor,Monitor,Mine area cleared (sq.km),LCM.43,Ghana,GHA,..,..,..,..
Landmine and Cluster Munition Monitor,Monitor,Mine area cleared (sq.km),LCM.43,Greece,GRC,..,..,..,..
Landmine and Cluster Munition Monitor,Monitor,Mine area cleared (sq.km),LCM.43,Grenada,GRD,..,..,..,..
Landmine and Cluster Munition Monitor,Monitor,Mine area cleared (sq.km),LCM.43,Guatemala,GTM,..,..,..,..
Landmine and Cluster Munition Monitor,Monitor,Mine area cleared (sq.km),LCM.43,Guinea,GIN,..,..,..,..
Landmine and Cluster Munition Monitor,Monitor,Mine area cleared (sq.km),LCM.43,Guinea-Bissau,GNB,0.49,..,762.9,..
Landmine and Cluster Munition Monitor,Monitor,Mine area cleared (sq.km),LCM.43,Guyana,GUY,..,..,..,..
Landmine and Cluster Munition Monitor,Monitor,Mine area cleared (sq.km),LCM.43,Haiti,HTI,..,..,..,..
Landmine and Cluster Munition Monitor,Monitor,Mine area cleared (sq.km),LCM.43,Heavily indebted poor countries (HIPC),HPC,..,..,..,..
Landmine and Cluster Munition Monitor,Monitor,Mine area cleared (sq.km),LCM.43,High income: nonOECD,NOC,..,..,..,..
Landmine and Cluster Munition Monitor,Monitor,Mine area cleared (sq.km),LCM.43,High income: OECD,OEC,..,..,..,..
Landmine and Cluster Munition Monitor,Monitor,Mine area cleared (sq.km),LCM.43,Honduras,HND,..,..,..,..
Landmine and Cluster Munition Monitor,Monitor,Mine area cleared (sq.km),LCM.43,Hungary,HUN,..,..,..,..
Landmine and Cluster Munition Monitor,Monitor,Mine area cleared (sq.km),LCM.43,Iceland,ISL,..,..,..,..
Landmine and Cluster Munition Monitor,Monitor,Mine area cleared (sq.km),LCM.43,India,IND,..,..,..,..
Landmine and Cluster Munition Monitor,Monitor,Mine area cleared (sq.km),LCM.43,Indonesia,IDN,..,..,..,..
Landmine and Cluster Munition Monitor,Monitor,Mine area cleared (sq.km),LCM.43,"Iran, Islamic Rep.",IRN,..,..,..,..
Landmine and Cluster Munition Monitor,Monitor,Mine area cleared (sq.km),LCM.43,Iraq,IRQ,9.74,..,..,..
Landmine and Cluster Munition Monitor,Monitor,Mine area cleared (sq.km),LCM.43,Ireland,IRL,..,..,..,..
Landmine and Cluster Munition Monitor,Monitor,Mine area cleared (sq.km),LCM.43,Israel,ISR,..,..,..,..
Landmine and Cluster Munition Monitor,Monitor,Mine area cleared (sq.km),LCM.43,Italy,ITA,..,..,..,..
Landmine and Cluster Munition Monitor,Monitor,Mine area cleared (sq.km),LCM.43,Jamaica,JAM,..,..,..,..
Landmine and Cluster Munition Monitor,Monitor,Mine area cleared (sq.km),LCM.43,Japan,JPN,..,..,..,..
Landmine and Cluster Munition Monitor,Monitor,Mine area cleared (sq.km),LCM.43,Jordan,JOR,1.1,0.22,0.19,..
Landmine and Cluster Munition Monitor,Monitor,Mine area cleared (sq.km),LCM.43,Kazakhstan,KAZ,..,..,..,..
Landmine and Cluster Munition Monitor,Monitor,Mine area cleared (sq.km),LCM.43,Kenya,KEN,..,..,..,..
Landmine and Cluster Munition Monitor,Monitor,Mine area cleared (sq.km),LCM.43,Kiribati,KIR,..,..,..,..
Landmine and Cluster Munition Monitor,Monitor,Mine area cleared (sq.km),LCM.43,"Korea, Dem. Rep.",PRK,..,..,..,..
Landmine and Cluster Munition Monitor,Monitor,Mine area cleared (sq.km),LCM.43,"Korea, Rep.",KOR,0.1,0.107,0.10037,..
Landmine and Cluster Munition Monitor,Monitor,Mine area cleared (sq.km),LCM.43,Kosovo,XKX,0.94,..,..,..
Landmine and Cluster Munition Monitor,Monitor,Mine area cleared (sq.km),LCM.43,Kuwait,KWT,..,..,..,..
Landmine and Cluster Munition Monitor,Monitor,Mine area cleared (sq.km),LCM.43,Kyrgyz Republic,KGZ,..,..,..,..
Landmine and Cluster Munition Monitor,Monitor,Mine area cleared (sq.km),LCM.43,Lao PDR,LAO,..,..,..,..
Landmine and Cluster Munition Monitor,Monitor,Mine area cleared (sq.km),LCM.43,Latin America & Caribbean (developing only),LAC,..,..,..,..
Landmine and Cluster Munition Monitor,Monitor,Mine area cleared (sq.km),LCM.43,Latvia,LVA,..,..,..,..
Landmine and Cluster Munition Monitor,Monitor,Mine area cleared (sq.km),LCM.43,Least developed countries: UN classification,LDC,..,..,..,..
Landmine and Cluster Munition Monitor,Monitor,Mine area cleared (sq.km),LCM.43,Lebanon,LBN,0.12,1.59,0.1,..
Landmine and Cluster Munition Monitor,Monitor,Mine area cleared (sq.km),LCM.43,Lesotho,LSO,..,..,..,..
Landmine and Cluster Munition Monitor,Monitor,Mine area cleared (sq.km),LCM.43,Liberia,LBR,..,..,..,..
Landmine and Cluster Munition Monitor,Monitor,Mine area cleared (sq.km),LCM.43,Libya,LBY,..,..,..,..
Landmine and Cluster Munition Monitor,Monitor,Mine area cleared (sq.km),LCM.43,Liechtenstein,LIE,..,..,..,..
Landmine and Cluster Munition Monitor,Monitor,Mine area cleared (sq.km),LCM.43,Lithuania,LTU,..,..,..,..
Landmine and Cluster Munition Monitor,Monitor,Mine area cleared (sq.km),LCM.43,Low income,LIC,..,..,..,..
Landmine and Cluster Munition Monitor,Monitor,Mine area cleared (sq.km),LCM.43,Lower middle income,LMC,..,..,..,..
Landmine and Cluster Munition Monitor,Monitor,Mine area cleared (sq.km),LCM.43,Luxembourg,LUX,..,..,..,..
Landmine and Cluster Munition Monitor,Monitor,Mine area cleared (sq.km),LCM.43,"Macedonia, FYR",MKD,..,..,..,..
Landmine and Cluster Munition Monitor,Monitor,Mine area cleared (sq.km),LCM.43,Madagascar,MDG,..,..,..,..
Landmine and Cluster Munition Monitor,Monitor,Mine area cleared (sq.km),LCM.43,Malawi,MWI,..,..,..,..
Landmine and Cluster Munition Monitor,Monitor,Mine area cleared (sq.km),LCM.43,Malaysia,MYS,..,..,..,..
Landmine and Cluster Munition Monitor,Monitor,Mine area cleared (sq.km),LCM.43,Maldives,MDV,..,..,..,..
Landmine and Cluster Munition Monitor,Monitor,Mine area cleared (sq.km),LCM.43,Mali,MLI,..,..,..,..
Landmine and Cluster Munition Monitor,Monitor,Mine area cleared (sq.km),LCM.43,Malta,MLT,..,..,..,..
Landmine and Cluster Munition Monitor,Monitor,Mine area cleared (sq.km),LCM.43,Marshall Islands,MHL,..,..,..,..
Landmine and Cluster Munition Monitor,Monitor,Mine area cleared (sq.km),LCM.43,Mauritania,MRT,2,..,..,..
Landmine and Cluster Munition Monitor,Monitor,Mine area cleared (sq.km),LCM.43,Mauritius,MUS,..,..,..,..
Landmine and Cluster Munition Monitor,Monitor,Mine area cleared (sq.km),LCM.43,Mexico,MEX,..,..,..,..
Landmine and Cluster Munition Monitor,Monitor,Mine area cleared (sq.km),LCM.43,"Micronesia, Fed. Sts.",FSM,..,..,..,..
Landmine and Cluster Munition Monitor,Monitor,Mine area cleared (sq.km),LCM.43,Middle East & North Africa (developing only),MNA,..,..,..,..
Landmine and Cluster Munition Monitor,Monitor,Mine area cleared (sq.km),LCM.43,Moldova,MDA,..,..,..,..
Landmine and Cluster Munition Monitor,Monitor,Mine area cleared (sq.km),LCM.43,Monaco,MCO,..,..,..,..
Landmine and Cluster Munition Monitor,Monitor,Mine area cleared (sq.km),LCM.43,Mongolia,MNG,..,..,..,..
Landmine and Cluster Munition Monitor,Monitor,Mine area cleared (sq.km),LCM.43,Montenegro,MNE,..,..,..,..
Landmine and Cluster Munition Monitor,Monitor,Mine area cleared (sq.km),LCM.43,Morocco,MAR,..,..,669,..
Landmine and Cluster Munition Monitor,Monitor,Mine area cleared (sq.km),LCM.43,Mozambique,MOZ,1.75,..,..,..
Landmine and Cluster Munition Monitor,Monitor,Mine area cleared (sq.km),LCM.43,Myanmar,MMR,..,..,..,..
Landmine and Cluster Munition Monitor,Monitor,Mine area cleared (sq.km),LCM.43,Namibia,NAM,..,..,..,..
Landmine and Cluster Munition Monitor,Monitor,Mine area cleared (sq.km),LCM.43,Nepal,NPL,0.01,0.074,0.08,..
Landmine and Cluster Munition Monitor,Monitor,Mine area cleared (sq.km),LCM.43,Netherlands,NLD,..,..,..,..
Landmine and Cluster Munition Monitor,Monitor,Mine area cleared (sq.km),LCM.43,New Zealand,NZL,..,..,..,..
Landmine and Cluster Munition Monitor,Monitor,Mine area cleared (sq.km),LCM.43,Nicaragua,NIC,..,..,..,..
Landmine and Cluster Munition Monitor,Monitor,Mine area cleared (sq.km),LCM.43,Niger,NER,..,..,..,..
Landmine and Cluster Munition Monitor,Monitor,Mine area cleared (sq.km),LCM.43,Nigeria,NGA,..,..,..,..
Landmine and Cluster Munition Monitor,Monitor,Mine area cleared (sq.km),LCM.43,North America,NAC,..,..,..,..
Landmine and Cluster Munition Monitor,Monitor,Mine area cleared (sq.km),LCM.43,Norway,NOR,..,..,..,..
Landmine and Cluster Munition Monitor,Monitor,Mine area cleared (sq.km),LCM.43,Oman,OMN,..,..,..,..
Landmine and Cluster Munition Monitor,Monitor,Mine area cleared (sq.km),LCM.43,Pakistan,PAK,..,..,..,..
Landmine and Cluster Munition Monitor,Monitor,Mine area cleared (sq.km),LCM.43,Palau,PLW,..,..,..,..
Landmine and Cluster Munition Monitor,Monitor,Mine area cleared (sq.km),LCM.43,Panama,PAN,..,..,..,..
Landmine and Cluster Munition Monitor,Monitor,Mine area cleared (sq.km),LCM.43,Papua New Guinea,PNG,..,..,..,..
Landmine and Cluster Munition Monitor,Monitor,Mine area cleared (sq.km),LCM.43,Paraguay,PRY,..,..,..,..
Landmine and Cluster Munition Monitor,Monitor,Mine area cleared (sq.km),LCM.43,Peru,PER,0.32,0.024927,0.046572,0.010817
Landmine and Cluster Munition Monitor,Monitor,Mine area cleared (sq.km),LCM.43,Philippines,PHL,..,..,..,..
Landmine and Cluster Munition Monitor,Monitor,Mine area cleared (sq.km),LCM.43,Poland,POL,..,..,..,..
Landmine and Cluster Munition Monitor,Monitor,Mine area cleared (sq.km),LCM.43,Portugal,PRT,..,..,..,..
Landmine and Cluster Munition Monitor,Monitor,Mine area cleared (sq.km),LCM.43,Qatar,QAT,..,..,..,..
Landmine and Cluster Munition Monitor,Monitor,Mine area cleared (sq.km),LCM.43,Romania,ROU,..,..,..,..
Landmine and Cluster Munition Monitor,Monitor,Mine area cleared (sq.km),LCM.43,Russian Federation,RUS,..,..,..,..
Landmine and Cluster Munition Monitor,Monitor,Mine area cleared (sq.km),LCM.43,Rwanda,RWA,0.5,..,..,..
Landmine and Cluster Munition Monitor,Monitor,Mine area cleared (sq.km),LCM.43,Samoa,WSM,..,..,..,..
Landmine and Cluster Munition Monitor,Monitor,Mine area cleared (sq.km),LCM.43,San Marino,SMR,..,..,..,..
Landmine and Cluster Munition Monitor,Monitor,Mine area cleared (sq.km),LCM.43,Sao Tome and Principe,STP,..,..,..,..
Landmine and Cluster Munition Monitor,Monitor,Mine area cleared (sq.km),LCM.43,Saudi Arabia,SAU,..,..,..,..
Landmine and Cluster Munition Monitor,Monitor,Mine area cleared (sq.km),LCM.43,Senegal,SEN,..,0.01,0.03,..
Landmine and Cluster Munition Monitor,Monitor,Mine area cleared (sq.km),LCM.43,Serbia,SRB,0.95,0,0,..
Landmine and Cluster Munition Monitor,Monitor,Mine area cleared (sq.km),LCM.43,Seychelles,SYC,..,..,..,..
Landmine and Cluster Munition Monitor,Monitor,Mine area cleared (sq.km),LCM.43,Sierra Leone,SLE,..,..,..,..
Landmine and Cluster Munition Monitor,Monitor,Mine area cleared (sq.km),LCM.43,Singapore,SGP,..,..,..,..
Landmine and Cluster Munition Monitor,Monitor,Mine area cleared (sq.km),LCM.43,Slovak Republic,SVK,..,..,..,..
Landmine and Cluster Munition Monitor,Monitor,Mine area cleared (sq.km),LCM.43,Slovenia,SVN,..,..,..,..
Landmine and Cluster Munition Monitor,Monitor,Mine area cleared (sq.km),LCM.43,Solomon Islands,SLB,..,..,..,..
Landmine and Cluster Munition Monitor,Monitor,Mine area cleared (sq.km),LCM.43,Somalia,SOM,..,..,..,..
Landmine and Cluster Munition Monitor,Monitor,Mine area cleared (sq.km),LCM.43,"Somaliland, Somalia",SO1,..,1.86,2.41,..
Landmine and Cluster Munition Monitor,Monitor,Mine area cleared (sq.km),LCM.43,South Africa,ZAF,..,..,..,..
Landmine and Cluster Munition Monitor,Monitor,Mine area cleared (sq.km),LCM.43,South Asia,SAS,..,..,..,..
Landmine and Cluster Munition Monitor,Monitor,Mine area cleared (sq.km),LCM.43,South Sudan,SSD,..,3.54,2.56,..
Landmine and Cluster Munition Monitor,Monitor,Mine area cleared (sq.km),LCM.43,Spain,ESP,..,..,..,..
Landmine and Cluster Munition Monitor,Monitor,Mine area cleared (sq.km),LCM.43,Sri Lanka,LKA,4.3,13.22,16.58,..
Landmine and Cluster Munition Monitor,Monitor,Mine area cleared (sq.km),LCM.43,St. Kitts and Nevis,KNA,..,..,..,..
Landmine and Cluster Munition Monitor,Monitor,Mine area cleared (sq.km),LCM.43,St. Lucia,LCA,..,..,..,..
Landmine and Cluster Munition Monitor,Monitor,Mine area cleared (sq.km),LCM.43,St. Vincent and the Grenadines,VCT,..,..,..,..
Landmine and Cluster Munition Monitor,Monitor,Mine area cleared (sq.km),LCM.43,Sub-Saharan Africa (developing only),SSA,..,..,..,..
Landmine and Cluster Munition Monitor,Monitor,Mine area cleared (sq.km),LCM.43,Sudan,SDN,4.07,5.82,1.49,..
Landmine and Cluster Munition Monitor,Monitor,Mine area cleared (sq.km),LCM.43,Suriname,SUR,..,..,..,..
Landmine and Cluster Munition Monitor,Monitor,Mine area cleared (sq.km),LCM.43,Swaziland,SWZ,..,..,..,..
Landmine and Cluster Munition Monitor,Monitor,Mine area cleared (sq.km),LCM.43,Sweden,SWE,..,..,..,..
Landmine and Cluster Munition Monitor,Monitor,Mine area cleared (sq.km),LCM.43,Switzerland,CHE,..,..,..,..
Landmine and Cluster Munition Monitor,Monitor,Mine area cleared (sq.km),LCM.43,Syrian Arab Republic,SYR,..,..,..,..
Landmine and Cluster Munition Monitor,Monitor,Mine area cleared (sq.km),LCM.43,"Taiwan, China",TWN,0.6,..,..,..
Landmine and Cluster Munition Monitor,Monitor,Mine area cleared (sq.km),LCM.43,Tajikistan,TJK,0.7,1.88,1.6,..
Landmine and Cluster Munition Monitor,Monitor,Mine area cleared (sq.km),LCM.43,Tanzania,TZA,..,..,..,..
Landmine and Cluster Munition Monitor,Monitor,Mine area cleared (sq.km),LCM.43,Thailand,THA,1.56,1.99,2.41,..
Landmine and Cluster Munition Monitor,Monitor,Mine area cleared (sq.km),LCM.43,Timor-Leste,TLS,..,..,..,..
Landmine and Cluster Munition Monitor,Monitor,Mine area cleared (sq.km),LCM.43,Togo,TGO,..,..,..,..
Landmine and Cluster Munition Monitor,Monitor,Mine area cleared (sq.km),LCM.43,Tonga,TON,..,..,..,..
Landmine and Cluster Munition Monitor,Monitor,Mine area cleared (sq.km),LCM.43,Trinidad and Tobago,TTO,..,..,..,..
Landmine and Cluster Munition Monitor,Monitor,Mine area cleared (sq.km),LCM.43,Tunisia,TUN,..,..,..,..
Landmine and Cluster Munition Monitor,Monitor,Mine area cleared (sq.km),LCM.43,Turkey,TUR,..,..,..,..
Landmine and Cluster Munition Monitor,Monitor,Mine area cleared (sq.km),LCM.43,Turkmenistan,TKM,..,..,..,..
Landmine and Cluster Munition Monitor,Monitor,Mine area cleared (sq.km),LCM.43,Uganda,UGA,..,0.168696,0.144258,0.103955
Landmine and Cluster Munition Monitor,Monitor,Mine area cleared (sq.km),LCM.43,Ukraine,UKR,..,..,..,..
Landmine and Cluster Munition Monitor,Monitor,Mine area cleared (sq.km),LCM.43,United Arab Emirates,ARE,..,..,..,..
Landmine and Cluster Munition Monitor,Monitor,Mine area cleared (sq.km),LCM.43,United Kingdom,GBR,..,..,..,..
Landmine and Cluster Munition Monitor,Monitor,Mine area cleared (sq.km),LCM.43,United States,USA,..,..,..,..
Landmine and Cluster Munition Monitor,Monitor,Mine area cleared (sq.km),LCM.43,Upper middle income,UMC,..,..,..,..
Landmine and Cluster Munition Monitor,Monitor,Mine area cleared (sq.km),LCM.43,Uruguay,URY,..,..,..,..
Landmine and Cluster Munition Monitor,Monitor,Mine area cleared (sq.km),LCM.43,Uzbekistan,UZB,..,..,..,..
Landmine and Cluster Munition Monitor,Monitor,Mine area cleared (sq.km),LCM.43,Vanuatu,VUT,..,..,..,..
Landmine and Cluster Munition Monitor,Monitor,Mine area cleared (sq.km),LCM.43,"Venezuela, RB",VEN,..,..,..,..
Landmine and Cluster Munition Monitor,Monitor,Mine area cleared (sq.km),LCM.43,Vietnam,VNM,..,..,..,..
Landmine and Cluster Munition Monitor,Monitor,Mine area cleared (sq.km),LCM.43,West Bank and Gaza,PSE,..,..,0,..
Landmine and Cluster Munition Monitor,Monitor,Mine area cleared (sq.km),LCM.43,"Western Sahara, Morocco",MA1,..,..,..,..
Landmine and Cluster Munition Monitor,Monitor,Mine area cleared (sq.km),LCM.43,World,WLD,..,..,..,..
Landmine and Cluster Munition Monitor,Monitor,Mine area cleared (sq.km),LCM.43,"Yemen, Rep.",YEM,5.23,3.1,..,..
Landmine and Cluster Munition Monitor,Monitor,Mine area cleared (sq.km),LCM.43,Zambia,ZMB,..,..,..,..
Landmine and Cluster Munition Monitor,Monitor,Mine area cleared (sq.km),LCM.43,Zimbabwe,ZWE,3.9,..,..,..
Landmine and Cluster Munition Monitor,Monitor,Non Anti-vehicle mines destroyed,LCM.58,Afghanistan,AFG,..,..,23570,..
Landmine and Cluster Munition Monitor,Monitor,Non Anti-vehicle mines destroyed,LCM.58,Albania,ALB,..,..,..,..
Landmine and Cluster Munition Monitor,Monitor,Non Anti-vehicle mines destroyed,LCM.58,Algeria,DZA,..,..,38189,..
Landmine and Cluster Munition Monitor,Monitor,Non Anti-vehicle mines destroyed,LCM.58,Andorra,AND,..,0,0,0
Landmine and Cluster Munition Monitor,Monitor,Non Anti-vehicle mines destroyed,LCM.58,Angola,AGO,..,..,4135,..
Landmine and Cluster Munition Monitor,Monitor,Non Anti-vehicle mines destroyed,LCM.58,Antigua and Barbuda,ATG,..,..,..,..
Landmine and Cluster Munition Monitor,Monitor,Non Anti-vehicle mines destroyed,LCM.58,Argentina,ARG,..,..,..,..
Landmine and Cluster Munition Monitor,Monitor,Non Anti-vehicle mines destroyed,LCM.58,Armenia,ARM,..,..,..,..
Landmine and Cluster Munition Monitor,Monitor,Non Anti-vehicle mines destroyed,LCM.58,Australia,AUS,..,..,..,..
Landmine and Cluster Munition Monitor,Monitor,Non Anti-vehicle mines destroyed,LCM.58,Austria,AUT,..,..,..,..
Landmine and Cluster Munition Monitor,Monitor,Non Anti-vehicle mines destroyed,LCM.58,Azerbaijan,AZE,..,..,26,..
Landmine and Cluster Munition Monitor,Monitor,Non Anti-vehicle mines destroyed,LCM.58,"Bahamas, The",BHS,..,..,..,..
Landmine and Cluster Munition Monitor,Monitor,Non Anti-vehicle mines destroyed,LCM.58,Bahrain,BHR,..,..,..,..
Landmine and Cluster Munition Monitor,Monitor,Non Anti-vehicle mines destroyed,LCM.58,Bangladesh,BGD,..,..,..,..
Landmine and Cluster Munition Monitor,Monitor,Non Anti-vehicle mines destroyed,LCM.58,Barbados,BRB,..,..,..,..
Landmine and Cluster Munition Monitor,Monitor,Non Anti-vehicle mines destroyed,LCM.58,Belarus,BLR,..,..,..,..
Landmine and Cluster Munition Monitor,Monitor,Non Anti-vehicle mines destroyed,LCM.58,Belgium,BEL,..,..,..,..
Landmine and Cluster Munition Monitor,Monitor,Non Anti-vehicle mines destroyed,LCM.58,Belize,BLZ,..,..,..,..
Landmine and Cluster Munition Monitor,Monitor,Non Anti-vehicle mines destroyed,LCM.58,Benin,BEN,..,..,..,..
Landmine and Cluster Munition Monitor,Monitor,Non Anti-vehicle mines destroyed,LCM.58,Bhutan,BTN,..,..,..,..
Landmine and Cluster Munition Monitor,Monitor,Non Anti-vehicle mines destroyed,LCM.58,Bolivia,BOL,..,..,..,..
Landmine and Cluster Munition Monitor,Monitor,Non Anti-vehicle mines destroyed,LCM.58,Bosnia and Herzegovina,BIH,..,2350,1816,..
Landmine and Cluster Munition Monitor,Monitor,Non Anti-vehicle mines destroyed,LCM.58,Botswana,BWA,..,..,..,..
Landmine and Cluster Munition Monitor,Monitor,Non Anti-vehicle mines destroyed,LCM.58,Brazil,BRA,..,..,..,..
Landmine and Cluster Munition Monitor,Monitor,Non Anti-vehicle mines destroyed,LCM.58,Brunei Darussalam,BRN,..,..,..,..
Landmine and Cluster Munition Monitor,Monitor,Non Anti-vehicle mines destroyed,LCM.58,Bulgaria,BGR,..,..,..,..
Landmine and Cluster Munition Monitor,Monitor,Non Anti-vehicle mines destroyed,LCM.58,Burkina Faso,BFA,..,..,..,..
Landmine and Cluster Munition Monitor,Monitor,Non Anti-vehicle mines destroyed,LCM.58,Burundi,BDI,..,..,12,..
Landmine and Cluster Munition Monitor,Monitor,Non Anti-vehicle mines destroyed,LCM.58,Cambodia,KHM,..,40320,27521,..
Landmine and Cluster Munition Monitor,Monitor,Non Anti-vehicle mines destroyed,LCM.58,Cameroon,CMR,..,..,..,..
Landmine and Cluster Munition Monitor,Monitor,Non Anti-vehicle mines destroyed,LCM.58,Canada,CAN,..,..,..,..
Landmine and Cluster Munition Monitor,Monitor,Non Anti-vehicle mines destroyed,LCM.58,Cape Verde,CPV,..,..,..,..
Landmine and Cluster Munition Monitor,Monitor,Non Anti-vehicle mines destroyed,LCM.58,Central African Republic,CAF,..,..,..,..
Landmine and Cluster Munition Monitor,Monitor,Non Anti-vehicle mines destroyed,LCM.58,Chad,TCD,..,..,1298,..
Landmine and Cluster Munition Monitor,Monitor,Non Anti-vehicle mines destroyed,LCM.58,Chile,CHL,..,..,..,..
Landmine and Cluster Munition Monitor,Monitor,Non Anti-vehicle mines destroyed,LCM.58,China,CHN,..,..,..,..
Landmine and Cluster Munition Monitor,Monitor,Non Anti-vehicle mines destroyed,LCM.58,Colombia,COL,..,..,..,..
Landmine and Cluster Munition Monitor,Monitor,Non Anti-vehicle mines destroyed,LCM.58,Comoros,COM,..,..,..,..
Landmine and Cluster Munition Monitor,Monitor,Non Anti-vehicle mines destroyed,LCM.58,"Congo, Dem. Rep.",COD,..,..,..,..
Landmine and Cluster Munition Monitor,Monitor,Non Anti-vehicle mines destroyed,LCM.58,"Congo, Rep.",COG,..,..,..,..
Landmine and Cluster Munition Monitor,Monitor,Non Anti-vehicle mines destroyed,LCM.58,Costa Rica,CRI,..,..,..,..
Landmine and Cluster Munition Monitor,Monitor,Non Anti-vehicle mines destroyed,LCM.58,Cote d'Ivoire,CIV,..,..,..,..
Landmine and Cluster Munition Monitor,Monitor,Non Anti-vehicle mines destroyed,LCM.58,Croatia,HRV,..,..,..,..
Landmine and Cluster Munition Monitor,Monitor,Non Anti-vehicle mines destroyed,LCM.58,Cuba,CUB,..,..,..,..
Landmine and Cluster Munition Monitor,Monitor,Non Anti-vehicle mines destroyed,LCM.58,Cyprus,CYP,..,7407,475,..
Landmine and Cluster Munition Monitor,Monitor,Non Anti-vehicle mines destroyed,LCM.58,Czech Republic,CZE,..,..,..,..
Landmine and Cluster Munition Monitor,Monitor,Non Anti-vehicle mines destroyed,LCM.58,Denmark,DNK,..,..,..,..
Landmine and Cluster Munition Monitor,Monitor,Non Anti-vehicle mines destroyed,LCM.58,Djibouti,DJI,..,..,..,..
Landmine and Cluster Munition Monitor,Monitor,Non Anti-vehicle mines destroyed,LCM.58,Dominica,DMA,..,..,..,..
Landmine and Cluster Munition Monitor,Monitor,Non Anti-vehicle mines destroyed,LCM.58,Dominican Republic,DOM,..,..,..,..
Landmine and Cluster Munition Monitor,Monitor,Non Anti-vehicle mines destroyed,LCM.58,East Asia & Pacific (developing only),EAP,..,..,..,..
Landmine and Cluster Munition Monitor,Monitor,Non Anti-vehicle mines destroyed,LCM.58,Ecuador,ECU,..,5,29,..
Landmine and Cluster Munition Monitor,Monitor,Non Anti-vehicle mines destroyed,LCM.58,"Egypt, Arab Rep.",EGY,..,..,..,..
Landmine and Cluster Munition Monitor,Monitor,Non Anti-vehicle mines destroyed,LCM.58,El Salvador,SLV,..,..,..,..
Landmine and Cluster Munition Monitor,Monitor,Non Anti-vehicle mines destroyed,LCM.58,Equatorial Guinea,GNQ,..,..,..,..
Landmine and Cluster Munition Monitor,Monitor,Non Anti-vehicle mines destroyed,LCM.58,Eritrea,ERI,..,93,..,..
Landmine and Cluster Munition Monitor,Monitor,Non Anti-vehicle mines destroyed,LCM.58,Estonia,EST,..,..,..,..
Landmine and Cluster Munition Monitor,Monitor,Non Anti-vehicle mines destroyed,LCM.58,Ethiopia,ETH,..,2038,508,..
Landmine and Cluster Munition Monitor,Monitor,Non Anti-vehicle mines destroyed,LCM.58,Euro area,EMU,..,..,..,..
Landmine and Cluster Munition Monitor,Monitor,Non Anti-vehicle mines destroyed,LCM.58,Europe & Central Asia (developing only),ECA,..,..,..,..
Landmine and Cluster Munition Monitor,Monitor,Non Anti-vehicle mines destroyed,LCM.58,Fiji,FJI,..,..,..,..
Landmine and Cluster Munition Monitor,Monitor,Non Anti-vehicle mines destroyed,LCM.58,Finland,FIN,..,..,..,..
Landmine and Cluster Munition Monitor,Monitor,Non Anti-vehicle mines destroyed,LCM.58,France,FRA,..,..,..,..
Landmine and Cluster Munition Monitor,Monitor,Non Anti-vehicle mines destroyed,LCM.58,Gabon,GAB,..,..,..,..
Landmine and Cluster Munition Monitor,Monitor,Non Anti-vehicle mines destroyed,LCM.58,"Gambia, The",GMB,..,..,..,..
Landmine and Cluster Munition Monitor,Monitor,Non Anti-vehicle mines destroyed,LCM.58,Georgia,GEO,..,..,..,..
Landmine and Cluster Munition Monitor,Monitor,Non Anti-vehicle mines destroyed,LCM.58,Germany,DEU,..,..,..,..
Landmine and Cluster Munition Monitor,Monitor,Non Anti-vehicle mines destroyed,LCM.58,Ghana,GHA,..,..,..,..
Landmine and Cluster Munition Monitor,Monitor,Non Anti-vehicle mines destroyed,LCM.58,Greece,GRC,..,..,..,..
Landmine and Cluster Munition Monitor,Monitor,Non Anti-vehicle mines destroyed,LCM.58,Grenada,GRD,..,..,..,..
Landmine and Cluster Munition Monitor,Monitor,Non Anti-vehicle mines destroyed,LCM.58,Guatemala,GTM,..,..,..,..
Landmine and Cluster Munition Monitor,Monitor,Non Anti-vehicle mines destroyed,LCM.58,Guinea,GIN,..,..,..,..
Landmine and Cluster Munition Monitor,Monitor,Non Anti-vehicle mines destroyed,LCM.58,Guinea-Bissau,GNB,..,..,..,..
Landmine and Cluster Munition Monitor,Monitor,Non Anti-vehicle mines destroyed,LCM.58,Guyana,GUY,..,..,..,..
Landmine and Cluster Munition Monitor,Monitor,Non Anti-vehicle mines destroyed,LCM.58,Haiti,HTI,..,..,..,..
Landmine and Cluster Munition Monitor,Monitor,Non Anti-vehicle mines destroyed,LCM.58,Heavily indebted poor countries (HIPC),HPC,..,..,..,..
Landmine and Cluster Munition Monitor,Monitor,Non Anti-vehicle mines destroyed,LCM.58,High income: nonOECD,NOC,..,..,..,..
Landmine and Cluster Munition Monitor,Monitor,Non Anti-vehicle mines destroyed,LCM.58,High income: OECD,OEC,..,..,..,..
Landmine and Cluster Munition Monitor,Monitor,Non Anti-vehicle mines destroyed,LCM.58,Honduras,HND,..,..,..,..
Landmine and Cluster Munition Monitor,Monitor,Non Anti-vehicle mines destroyed,LCM.58,Hungary,HUN,..,..,..,..
Landmine and Cluster Munition Monitor,Monitor,Non Anti-vehicle mines destroyed,LCM.58,Iceland,ISL,..,..,..,..
Landmine and Cluster Munition Monitor,Monitor,Non Anti-vehicle mines destroyed,LCM.58,India,IND,..,..,..,..
Landmine and Cluster Munition Monitor,Monitor,Non Anti-vehicle mines destroyed,LCM.58,Indonesia,IDN,..,..,..,..
Landmine and Cluster Munition Monitor,Monitor,Non Anti-vehicle mines destroyed,LCM.58,"Iran, Islamic Rep.",IRN,..,..,..,..
Landmine and Cluster Munition Monitor,Monitor,Non Anti-vehicle mines destroyed,LCM.58,Iraq,IRQ,..,..,..,..
Landmine and Cluster Munition Monitor,Monitor,Non Anti-vehicle mines destroyed,LCM.58,Ireland,IRL,..,..,..,..
Landmine and Cluster Munition Monitor,Monitor,Non Anti-vehicle mines destroyed,LCM.58,Israel,ISR,..,..,..,..
Landmine and Cluster Munition Monitor,Monitor,Non Anti-vehicle mines destroyed,LCM.58,Italy,ITA,..,..,..,..
Landmine and Cluster Munition Monitor,Monitor,Non Anti-vehicle mines destroyed,LCM.58,Jamaica,JAM,..,..,..,..
Landmine and Cluster Munition Monitor,Monitor,Non Anti-vehicle mines destroyed,LCM.58,Japan,JPN,..,..,..,..
Landmine and Cluster Munition Monitor,Monitor,Non Anti-vehicle mines destroyed,LCM.58,Jordan,JOR,..,20641,21600,..
Landmine and Cluster Munition Monitor,Monitor,Non Anti-vehicle mines destroyed,LCM.58,Kazakhstan,KAZ,..,..,..,..
Landmine and Cluster Munition Monitor,Monitor,Non Anti-vehicle mines destroyed,LCM.58,Kenya,KEN,..,..,..,..
Landmine and Cluster Munition Monitor,Monitor,Non Anti-vehicle mines destroyed,LCM.58,Kiribati,KIR,..,..,..,..
Landmine and Cluster Munition Monitor,Monitor,Non Anti-vehicle mines destroyed,LCM.58,"Korea, Dem. Rep.",PRK,..,..,..,..
Landmine and Cluster Munition Monitor,Monitor,Non Anti-vehicle mines destroyed,LCM.58,"Korea, Rep.",KOR,..,..,..,..
Landmine and Cluster Munition Monitor,Monitor,Non Anti-vehicle mines destroyed,LCM.58,Kosovo,XKX,..,62,224,..
Landmine and Cluster Munition Monitor,Monitor,Non Anti-vehicle mines destroyed,LCM.58,Kuwait,KWT,..,..,..,..
Landmine and Cluster Munition Monitor,Monitor,Non Anti-vehicle mines destroyed,LCM.58,Kyrgyz Republic,KGZ,..,..,..,..
Landmine and Cluster Munition Monitor,Monitor,Non Anti-vehicle mines destroyed,LCM.58,Lao PDR,LAO,..,..,..,..
Landmine and Cluster Munition Monitor,Monitor,Non Anti-vehicle mines destroyed,LCM.58,Latin America & Caribbean (developing only),LAC,..,..,..,..
Landmine and Cluster Munition Monitor,Monitor,Non Anti-vehicle mines destroyed,LCM.58,Latvia,LVA,..,..,..,..
Landmine and Cluster Munition Monitor,Monitor,Non Anti-vehicle mines destroyed,LCM.58,Least developed countries: UN classification,LDC,..,..,..,..
Landmine and Cluster Munition Monitor,Monitor,Non Anti-vehicle mines destroyed,LCM.58,Lebanon,LBN,..,103,55,..
Landmine and Cluster Munition Monitor,Monitor,Non Anti-vehicle mines destroyed,LCM.58,Lesotho,LSO,..,..,..,..
Landmine and Cluster Munition Monitor,Monitor,Non Anti-vehicle mines destroyed,LCM.58,Liberia,LBR,..,..,..,..
Landmine and Cluster Munition Monitor,Monitor,Non Anti-vehicle mines destroyed,LCM.58,Libya,LBY,..,..,43,..
Landmine and Cluster Munition Monitor,Monitor,Non Anti-vehicle mines destroyed,LCM.58,Liechtenstein,LIE,..,..,..,..
Landmine and Cluster Munition Monitor,Monitor,Non Anti-vehicle mines destroyed,LCM.58,Lithuania,LTU,..,..,..,..
Landmine and Cluster Munition Monitor,Monitor,Non Anti-vehicle mines destroyed,LCM.58,Low income,LIC,..,..,..,..
Landmine and Cluster Munition Monitor,Monitor,Non Anti-vehicle mines destroyed,LCM.58,Lower middle income,LMC,..,..,..,..
Landmine and Cluster Munition Monitor,Monitor,Non Anti-vehicle mines destroyed,LCM.58,Luxembourg,LUX,..,..,..,..
Landmine and Cluster Munition Monitor,Monitor,Non Anti-vehicle mines destroyed,LCM.58,"Macedonia, FYR",MKD,..,..,..,..
Landmine and Cluster Munition Monitor,Monitor,Non Anti-vehicle mines destroyed,LCM.58,Madagascar,MDG,..,..,..,..
Landmine and Cluster Munition Monitor,Monitor,Non Anti-vehicle mines destroyed,LCM.58,Malawi,MWI,..,..,..,..
Landmine and Cluster Munition Monitor,Monitor,Non Anti-vehicle mines destroyed,LCM.58,Malaysia,MYS,..,..,..,..
Landmine and Cluster Munition Monitor,Monitor,Non Anti-vehicle mines destroyed,LCM.58,Maldives,MDV,..,..,..,..
Landmine and Cluster Munition Monitor,Monitor,Non Anti-vehicle mines destroyed,LCM.58,Mali,MLI,..,..,..,..
Landmine and Cluster Munition Monitor,Monitor,Non Anti-vehicle mines destroyed,LCM.58,Malta,MLT,..,..,..,..
Landmine and Cluster Munition Monitor,Monitor,Non Anti-vehicle mines destroyed,LCM.58,Marshall Islands,MHL,..,..,..,..
Landmine and Cluster Munition Monitor,Monitor,Non Anti-vehicle mines destroyed,LCM.58,Mauritania,MRT,..,..,..,..
Landmine and Cluster Munition Monitor,Monitor,Non Anti-vehicle mines destroyed,LCM.58,Mauritius,MUS,..,..,..,..
Landmine and Cluster Munition Monitor,Monitor,Non Anti-vehicle mines destroyed,LCM.58,Mexico,MEX,..,..,..,..
Landmine and Cluster Munition Monitor,Monitor,Non Anti-vehicle mines destroyed,LCM.58,"Micronesia, Fed. Sts.",FSM,..,..,..,..
Landmine and Cluster Munition Monitor,Monitor,Non Anti-vehicle mines destroyed,LCM.58,Middle East & North Africa (developing only),MNA,..,..,..,..
Landmine and Cluster Munition Monitor,Monitor,Non Anti-vehicle mines destroyed,LCM.58,Moldova,MDA,..,..,..,..
Landmine and Cluster Munition Monitor,Monitor,Non Anti-vehicle mines destroyed,LCM.58,Monaco,MCO,..,..,..,..
Landmine and Cluster Munition Monitor,Monitor,Non Anti-vehicle mines destroyed,LCM.58,Mongolia,MNG,..,..,..,..
Landmine and Cluster Munition Monitor,Monitor,Non Anti-vehicle mines destroyed,LCM.58,Montenegro,MNE,..,..,..,..
Landmine and Cluster Munition Monitor,Monitor,Non Anti-vehicle mines destroyed,LCM.58,Morocco,MAR,..,..,1171,..
Landmine and Cluster Munition Monitor,Monitor,Non Anti-vehicle mines destroyed,LCM.58,Mozambique,MOZ,..,..,..,..
Landmine and Cluster Munition Monitor,Monitor,Non Anti-vehicle mines destroyed,LCM.58,Myanmar,MMR,..,..,..,..
Landmine and Cluster Munition Monitor,Monitor,Non Anti-vehicle mines destroyed,LCM.58,Namibia,NAM,..,..,..,..
Landmine and Cluster Munition Monitor,Monitor,Non Anti-vehicle mines destroyed,LCM.58,Nepal,NPL,..,3459,..,..
Landmine and Cluster Munition Monitor,Monitor,Non Anti-vehicle mines destroyed,LCM.58,Netherlands,NLD,..,..,..,..
Landmine and Cluster Munition Monitor,Monitor,Non Anti-vehicle mines destroyed,LCM.58,New Zealand,NZL,..,..,..,..
Landmine and Cluster Munition Monitor,Monitor,Non Anti-vehicle mines destroyed,LCM.58,Nicaragua,NIC,..,62,..,..
Landmine and Cluster Munition Monitor,Monitor,Non Anti-vehicle mines destroyed,LCM.58,Niger,NER,..,..,..,..
Landmine and Cluster Munition Monitor,Monitor,Non Anti-vehicle mines destroyed,LCM.58,Nigeria,NGA,..,1466,..,..
Landmine and Cluster Munition Monitor,Monitor,Non Anti-vehicle mines destroyed,LCM.58,North America,NAC,..,..,..,..
Landmine and Cluster Munition Monitor,Monitor,Non Anti-vehicle mines destroyed,LCM.58,Norway,NOR,..,..,..,..
Landmine and Cluster Munition Monitor,Monitor,Non Anti-vehicle mines destroyed,LCM.58,Oman,OMN,..,..,..,..
Landmine and Cluster Munition Monitor,Monitor,Non Anti-vehicle mines destroyed,LCM.58,Pakistan,PAK,..,..,153,..
Landmine and Cluster Munition Monitor,Monitor,Non Anti-vehicle mines destroyed,LCM.58,Palau,PLW,..,..,..,..
Landmine and Cluster Munition Monitor,Monitor,Non Anti-vehicle mines destroyed,LCM.58,Panama,PAN,..,..,..,..
Landmine and Cluster Munition Monitor,Monitor,Non Anti-vehicle mines destroyed,LCM.58,Papua New Guinea,PNG,..,..,..,..
Landmine and Cluster Munition Monitor,Monitor,Non Anti-vehicle mines destroyed,LCM.58,Paraguay,PRY,..,..,..,..
Landmine and Cluster Munition Monitor,Monitor,Non Anti-vehicle mines destroyed,LCM.58,Peru,PER,..,133,1495,..
Landmine and Cluster Munition Monitor,Monitor,Non Anti-vehicle mines destroyed,LCM.58,Philippines,PHL,..,..,..,334
Landmine and Cluster Munition Monitor,Monitor,Non Anti-vehicle mines destroyed,LCM.58,Poland,POL,..,..,..,..
Landmine and Cluster Munition Monitor,Monitor,Non Anti-vehicle mines destroyed,LCM.58,Portugal,PRT,..,..,..,..
Landmine and Cluster Munition Monitor,Monitor,Non Anti-vehicle mines destroyed,LCM.58,Qatar,QAT,..,..,..,..
Landmine and Cluster Munition Monitor,Monitor,Non Anti-vehicle mines destroyed,LCM.58,Romania,ROU,..,..,..,..
Landmine and Cluster Munition Monitor,Monitor,Non Anti-vehicle mines destroyed,LCM.58,Russian Federation,RUS,..,..,..,..
Landmine and Cluster Munition Monitor,Monitor,Non Anti-vehicle mines destroyed,LCM.58,Rwanda,RWA,..,..,..,..
Landmine and Cluster Munition Monitor,Monitor,Non Anti-vehicle mines destroyed,LCM.58,Samoa,WSM,..,..,..,..
Landmine and Cluster Munition Monitor,Monitor,Non Anti-vehicle mines destroyed,LCM.58,San Marino,SMR,..,..,..,..
Landmine and Cluster Munition Monitor,Monitor,Non Anti-vehicle mines destroyed,LCM.58,Sao Tome and Principe,STP,..,..,..,..
Landmine and Cluster Munition Monitor,Monitor,Non Anti-vehicle mines destroyed,LCM.58,Saudi Arabia,SAU,..,..,..,..
Landmine and Cluster Munition Monitor,Monitor,Non Anti-vehicle mines destroyed,LCM.58,Senegal,SEN,..,122,31,..
Landmine and Cluster Munition Monitor,Monitor,Non Anti-vehicle mines destroyed,LCM.58,Serbia,SRB,..,..,..,..
Landmine and Cluster Munition Monitor,Monitor,Non Anti-vehicle mines destroyed,LCM.58,Seychelles,SYC,..,..,..,..
Landmine and Cluster Munition Monitor,Monitor,Non Anti-vehicle mines destroyed,LCM.58,Sierra Leone,SLE,..,..,..,..
Landmine and Cluster Munition Monitor,Monitor,Non Anti-vehicle mines destroyed,LCM.58,Singapore,SGP,..,..,..,..
Landmine and Cluster Munition Monitor,Monitor,Non Anti-vehicle mines destroyed,LCM.58,Slovak Republic,SVK,..,..,..,..
Landmine and Cluster Munition Monitor,Monitor,Non Anti-vehicle mines destroyed,LCM.58,Slovenia,SVN,..,..,..,..
Landmine and Cluster Munition Monitor,Monitor,Non Anti-vehicle mines destroyed,LCM.58,Solomon Islands,SLB,..,..,..,..
Landmine and Cluster Munition Monitor,Monitor,Non Anti-vehicle mines destroyed,LCM.58,Somalia,SOM,..,..,..,..
Landmine and Cluster Munition Monitor,Monitor,Non Anti-vehicle mines destroyed,LCM.58,"Somaliland, Somalia",SO1,..,..,158,..
Landmine and Cluster Munition Monitor,Monitor,Non Anti-vehicle mines destroyed,LCM.58,South Africa,ZAF,..,..,..,..
Landmine and Cluster Munition Monitor,Monitor,Non Anti-vehicle mines destroyed,LCM.58,South Asia,SAS,..,..,..,..
Landmine and Cluster Munition Monitor,Monitor,Non Anti-vehicle mines destroyed,LCM.58,South Sudan,SSD,..,..,..,..
Landmine and Cluster Munition Monitor,Monitor,Non Anti-vehicle mines destroyed,LCM.58,Spain,ESP,..,..,..,..
Landmine and Cluster Munition Monitor,Monitor,Non Anti-vehicle mines destroyed,LCM.58,Sri Lanka,LKA,..,..,138498,..
Landmine and Cluster Munition Monitor,Monitor,Non Anti-vehicle mines destroyed,LCM.58,St. Kitts and Nevis,KNA,..,..,..,..
Landmine and Cluster Munition Monitor,Monitor,Non Anti-vehicle mines destroyed,LCM.58,St. Lucia,LCA,..,..,..,..
Landmine and Cluster Munition Monitor,Monitor,Non Anti-vehicle mines destroyed,LCM.58,St. Vincent and the Grenadines,VCT,..,..,..,..
Landmine and Cluster Munition Monitor,Monitor,Non Anti-vehicle mines destroyed,LCM.58,Sub-Saharan Africa (developing only),SSA,..,..,..,..
Landmine and Cluster Munition Monitor,Monitor,Non Anti-vehicle mines destroyed,LCM.58,Sudan,SDN,..,6183,2412,..
Landmine and Cluster Munition Monitor,Monitor,Non Anti-vehicle mines destroyed,LCM.58,Suriname,SUR,..,..,..,..
Landmine and Cluster Munition Monitor,Monitor,Non Anti-vehicle mines destroyed,LCM.58,Swaziland,SWZ,..,..,..,..
Landmine and Cluster Munition Monitor,Monitor,Non Anti-vehicle mines destroyed,LCM.58,Sweden,SWE,..,..,..,..
Landmine and Cluster Munition Monitor,Monitor,Non Anti-vehicle mines destroyed,LCM.58,Switzerland,CHE,..,..,..,..
Landmine and Cluster Munition Monitor,Monitor,Non Anti-vehicle mines destroyed,LCM.58,Syrian Arab Republic,SYR,..,..,..,..
Landmine and Cluster Munition Monitor,Monitor,Non Anti-vehicle mines destroyed,LCM.58,"Taiwan, China",TWN,..,..,..,..
Landmine and Cluster Munition Monitor,Monitor,Non Anti-vehicle mines destroyed,LCM.58,Tajikistan,TJK,..,..,..,..
Landmine and Cluster Munition Monitor,Monitor,Non Anti-vehicle mines destroyed,LCM.58,Tanzania,TZA,..,..,..,..
Landmine and Cluster Munition Monitor,Monitor,Non Anti-vehicle mines destroyed,LCM.58,Thailand,THA,..,..,..,..
Landmine and Cluster Munition Monitor,Monitor,Non Anti-vehicle mines destroyed,LCM.58,Timor-Leste,TLS,..,..,..,..
Landmine and Cluster Munition Monitor,Monitor,Non Anti-vehicle mines destroyed,LCM.58,Togo,TGO,..,..,..,..
Landmine and Cluster Munition Monitor,Monitor,Non Anti-vehicle mines destroyed,LCM.58,Tonga,TON,..,..,..,..
Landmine and Cluster Munition Monitor,Monitor,Non Anti-vehicle mines destroyed,LCM.58,Trinidad and Tobago,TTO,..,..,..,..
Landmine and Cluster Munition Monitor,Monitor,Non Anti-vehicle mines destroyed,LCM.58,Tunisia,TUN,..,..,..,..
Landmine and Cluster Munition Monitor,Monitor,Non Anti-vehicle mines destroyed,LCM.58,Turkey,TUR,..,25092,..,..
Landmine and Cluster Munition Monitor,Monitor,Non Anti-vehicle mines destroyed,LCM.58,Turkmenistan,TKM,..,..,..,..
Landmine and Cluster Munition Monitor,Monitor,Non Anti-vehicle mines destroyed,LCM.58,Uganda,UGA,..,343,..,..
Landmine and Cluster Munition Monitor,Monitor,Non Anti-vehicle mines destroyed,LCM.58,Ukraine,UKR,..,..,9890,6720
Landmine and Cluster Munition Monitor,Monitor,Non Anti-vehicle mines destroyed,LCM.58,United Arab Emirates,ARE,..,..,..,..
Landmine and Cluster Munition Monitor,Monitor,Non Anti-vehicle mines destroyed,LCM.58,United Kingdom,GBR,..,..,..,..
Landmine and Cluster Munition Monitor,Monitor,Non Anti-vehicle mines destroyed,LCM.58,United States,USA,..,..,..,..
Landmine and Cluster Munition Monitor,Monitor,Non Anti-vehicle mines destroyed,LCM.58,Upper middle income,UMC,..,..,..,..
Landmine and Cluster Munition Monitor,Monitor,Non Anti-vehicle mines destroyed,LCM.58,Uruguay,URY,..,..,..,..
Landmine and Cluster Munition Monitor,Monitor,Non Anti-vehicle mines destroyed,LCM.58,Uzbekistan,UZB,..,..,..,..
Landmine and Cluster Munition Monitor,Monitor,Non Anti-vehicle mines destroyed,LCM.58,Vanuatu,VUT,..,..,..,..
Landmine and Cluster Munition Monitor,Monitor,Non Anti-vehicle mines destroyed,LCM.58,"Venezuela, RB",VEN,..,..,..,..
Landmine and Cluster Munition Monitor,Monitor,Non Anti-vehicle mines destroyed,LCM.58,Vietnam,VNM,..,..,..,..
Landmine and Cluster Munition Monitor,Monitor,Non Anti-vehicle mines destroyed,LCM.58,West Bank and Gaza,PSE,..,..,..,..
Landmine and Cluster Munition Monitor,Monitor,Non Anti-vehicle mines destroyed,LCM.58,"Western Sahara, Morocco",MA1,..,1,..,..
Landmine and Cluster Munition Monitor,Monitor,Non Anti-vehicle mines destroyed,LCM.58,World,WLD,..,..,..,..
Landmine and Cluster Munition Monitor,Monitor,Non Anti-vehicle mines destroyed,LCM.58,"Yemen, Rep.",YEM,..,..,..,..
Landmine and Cluster Munition Monitor,Monitor,Non Anti-vehicle mines destroyed,LCM.58,Zambia,ZMB,..,..,..,..
Landmine and Cluster Munition Monitor,Monitor,Non Anti-vehicle mines destroyed,LCM.58,Zimbabwe,ZWE,..,..,..,..
,,,,,,,,,
,,,,,,,,,
,,,,,,,,,
Data from database: Landmine Contamination Casualties and Clearance (LC3D),,,,,,,,,
Last Updated: 08/16/2013,,,,,,,,,
Code,Indicator Name,Short definition,Long definition
LCM.57,Anti-vehicle mines destroyed,Anti-vehicle mines destroyed refers to the total number of anti-vehicle mines destroyed annually,"Anti-vehicle mines destroyed refers to the total number of anti-vehicle mines destroyed annually. Anti-vehicle mines are examples of Anti-Personnel Mines (APM) which are mines designed to be exploded by the presence, proximity or contact of a person and that will incapacitate, injure or kill one or more persons."
LCM.43,Mine area cleared (sq.km),Mine area cleared refers to total area cleared of mines and ERW to a predefined standard,Mine area cleared refers to total area cleared of mines and ERW to a predefined standard. This involves the systematic clearance of all explosive hazards from a mined area to a specific depth (i.e. humanitarian standards)
LCM.58,Non Anti-vehicle mines destroyed,Non Anti-vehicle mines destroyed efers to the total number of non  anti-vehicle mines destroyed annually,Non Anti-vehicle mines destroyed efers to the total number of non  anti-vehicle mines destroyed annually
